Symbol,Symbol Full Name
AAA,Activated Ac activity
AAC,ADP/ATP Carrier 1
AACT,Anthocyanin-5-aromatic acyl transferase-like protein
AAF,ARF associated F-box protein
AAH,ALLANTOATE AMIDOHYDROLASE
AAO,Aldehyde oxidase
AAP,Amino Acid Permease
AAPT,Amino Alcohol Phosphotransferase
AAR,Allyl alcohol resistant
AARL,AAR3-Like
AAT,Aspartate aminotransferase
AATL,Amino Acid Transporter-Like
AATP,AAA-ATPases
ABA,ABA deficient
ABAPT,ABHD17 (Alpha/Beta Hydrolase Domain-containing Protein 17)-like Acyl Protein Thioesterase
ABC,Aberrant chloroplasts
ABC,ABC Transporter
ABF,ABRE binding factor
ABH,ABA hypersensitive
ABI,ABA insensitive
ABL,Abnormal leaf
ABO,ABA overly-sensitive
ABP,Auxin binding protein
ABR,Activation tagged brassinazole resistant
ABR,Abruptus
ABS,"Abnormal
ACA,Autoinhibited Calcium ATPase
ACA,Azetidine-2-carboxylic acid resistant
ACBP,Acyl-CoA Binding Protein
ACC,Acetyl-CoA Carboxylase
ACD,Accelerated cell death
ACE,Adhesion of calyx edges
ACEX,Altered CBF2 Expression
ACF,Suppressor of FCA
ACG,Altered cold-responsive gene expression
ACHT,Atypical Cysteine Histidine-rich Thioredoxins
ACI,Altered Chloroplast Import
ACINUS,ACINUS
ACL,Acaulis
ACLA,ATP-Citrate Lyase Subunit A
ACLB,ATP-Citrate Lyase Subunit B
ACN,Acetate non-utilizing
ACO,ACC Oxidase
ACOS,Acyl CoA synthetase
ACP,Acyl Carrier Protein
ACR,Arabidopsis homolog of Maize Crinkly4
ACS,Acy-CoA Synthetase
ACS,1-Aminocyclopropane-1-Carboxylate Synthase
ACT,Chloroplast glycerol-3-phosphate-acyltransferase
ACT,Actin
ACW,Altered cell wall
ACX,Acyl-CoA Oxidase
ADA,Andarta
ADA,Homolog of Yeast ADA2
ADC,Arginine Decarboxylase
ADD,Arrested development
ADE,ABA Deregulated Gene Expression
ADF,Actin Depolymerizing Factor
ADG,ADP glucose pyrophosphorylase
ADH,Alcohol dehydrogenase
ADK,Adenosine Kinase
ADL,Arabidopsis dynamin like
ADN,Adnormal
ADO,Adagio
ADP,ARABIDOPSIS DEFENSE PROTEIN
ADR,Activated disease resistance
ADS,Arabidopsis Delta 9 Desaturase
ADTO,Abietane diterpene oxidase
AEL,Activation tagged enhancer of hypocotyl length
AEP,asparaginyl endopeptidase
AES,Abnormal early stomata
AESP,Separase
AFB,Auxin signaling F-box protein
AFC,Arabidopsis FUS3 (Yeast) Complementing
AFL,At14a-Like
AFO,Abnormal floral organs
AFP,ABI Five Binding Protein
AFP,Antifreeze Protein
AFR,ATTENUATED FAR RED RESPONSE
AFS,avrRps4-susceptible
AFT,Arabidopsis Fourteen-Three-Three
AG,Agamous
AGA,Agamous activated
AGB,Arabidopsis G-Protein beta subunit
AGD,Aberrant growth and death
AGE,Auxin-responsive gene expression
AGG,Arabidopsis G-Protein Gamma Subunit
AGI,Aberrant GST1 induction
AGK,Arabidopsis Guanylate Kinase
AGL,Agamous like
AGM,Abnormal Gametophytes
AGO,Argonaute
AGP,Arabinogalactan protein
AGR,Agravitropic
AGS,ahg2 suppressor
AGT,Alanine Glyoxylate Aminotransferase
AHA,Arabidopsis plasma membrane H+-ATPase
AHASS,"Acetohydroxyacid Synthase
AHB,Arabidopsis Hemoglobin
AHD,Airhead
AHG,ABA hypersensitive germination
AHL,Arabidopsis HAL2-Like
AHM,Arabidopsis heavy metal transporters
AHP,Arabidopsis Histidine-Containing Phosphotransmitter
AHS,ACC hypersensitive
AIA,ABA-inducible AAA ATPase
AIF,ATBS-Interacting Factor
AIG,avrRpt2-Induced Gene
AIL,AINTEGUMENTA-like
AIM,Abnormal inflorescence meristem
AIN,ACC Insensitive
AIN,Ethylene insensitive
AIP,Altered inflorescence phyllotaxy
AIRF,aim1 revertant fertility
AIRL,aim1 revertant leaves
AIS,apis
AITR,ABA-induced transcription repressors
AIW,ABA-INDUCED WD40-repeat
AJH,Arabidopsis Jun Kinase Activator
AJX,AJAX
AKH,Acheron
AKR,Ankyrin Repeat-Containing
AKT,Arabidopsis potassium transport
AKV,Antikevorkian
ALA,Alanyl tRNA synthetase
ALAAT,Alanine Aminotransferase
ALAC,ALARM CLOCK
ALB,Albina
ALBI,ALBERICH
ALC,Alcatraz
ALD,AGD2-like defense response
ALDH,Aldehyde Dehydrogenase
ALE,Abnormal leaf shape
ALF,Aberrant lateral root formation
ALH,ACC-Related Long Hypocotyl
ALI,Alien
ALIS,ALA Interacting Subunit
ALK,astlik
ALLTW,All Twisted
ALNS,allantoin synthase
ALR,Aluminum resistant
ALS,Aluminum sensitive
ALT,Aluminum tolerant
ALX,Altered high light expression
AMB,Aberrant meristem behavior
AMK,adenosine monophosphate kinase
AML,Arabidopsis Minute-like
AMN,amon
AMO,Altered microtubule organization
AMP,Altered meristem program
AMPL,AMP1 LIKE
AMS,Aborted microspores
AMSH,ASSOCIATED MOLECULE OF THE SH3 DOMAIN OF STAM
AMT,a-methyl tryptophan resistant
AMT,Ammonium Transport
AMY,Alph-Amylase-Like
AN,Angustifolia
ANA,Anat
ANG,Angusta
ANL,Anthocyaninless
ANP,Arabidopsis NPK1-Related Protein Kinase
ANT,Aintegumenta
ANU,Angulata
ANY,Anisotropy
AOAT,Alanine:2-Oxoglutarate Aminotransferase
AOC,Allene Oxide Cyclase
AOE,Axis of evil
AOP,Alkenyl hydroxypropyl glucosinolate
AOS,Allene oxide synthase
AOX,Alternative Oxidase
AP,Apetala
APA,Apetala 1 activated
APD,AP2 domain containing protein required for Disease defence
APE,Acclimation of photosynthesis to environment
APF,Altered Pre-branch site Formation
APG,Albino and pale green
APG,Autophagy defective
API,Apiculata
APIH,AT-hook domain Protein interacts with HDA6
APK,APS Kinase
APL,ADP Glucose Pyrophosphorylase Large Subunit
APL,Altered phloem development
APM,Aminopeptidase
APMU,Adaptor Protien Complex Mu Subunit
APO,Accumulation of photosystem one
APP,Arabidopsis Poly(ADP-Ribose) Polymerase
APP,P-Type Aminopeptidase
APPR,Arabidopsis pentatricopeptide repeat
APR,5' Adenylylphosphosulfate Reductase
APRR,Arabidopsis Pseudo-Response Regulator
APS,Aberrant pollen sac
APS,ADP Glucose Pyrophosphorylase Small Subunit
APS,ATP Sulfurylase
APSE,ARAPASE
APT,Adenine phosphoribosyl transferase
APU,Aschenputtel
APUM,Arabidopsis Pumilio
APX,Ascorbate Peroxidase
APY,Apyrase
AQI,aquaporin interactor
AQP,Aquaporin
AR,Arabidopsis P450 Reductase
ARA,Arabinose sensitive
ARA,Arabidopsis Rab Protein
ARAD,Arabinan Deficient
ARB,Altered Response to Brassinosteroids
ARC,"Accumulation
ARD,Ardhagarva
AREB,ABA-Responsive Element Binding Protein
ARF,ADP Ribosylation Factor
ARF,Auxin Response Factor
ARG,Altered response to gravity
ARGAH,ARGINASE
ARH,Altered root hydrotropism
ARI,Arida
ARI,Homolog of Drosophila ARIADNE
ARID,ARID
ARIX,AMPLIRADIX
ARK,Arabidopsis Receptor Kinase
ARM,anion altered root morphology
ARP,Actin Related Protein
ARP,Apurinic Endonuclease Redox Protein
ARP,Altered RNase profile
ARR,Arabidopsis Response Regulator
ARS,Arabidopsis ribosomal protein S
ART,Aerial rosette
ARTEMIS,Arabidopsis thaliana envelope membrane integrase
ARU,ARTUMES
ARX,Altered reaction to Xanthomonas
AS,Asymmetric leaves
ASA,Attenuated shade avoidance
ASA,Anthranilate Synthase Alpha Subunit
ASB,Anthranilate Synthase Beta Subunit
ASB,Asymmetric trichome branch
ASC,Altered susceptibility to cyst nematode
ASF,Altered suspensor fate
ASG,Altered Seed Germination
ASH,Ashtoreth
ASIL,Arabidopsis 6b-interacting protein 1-like
ASK,Arabidopsis Skp1-like
ASP,Activation suppressor of ppi1
ASP,Aspartate Aminotransferase
ASPGA,Asparaginase A
ASPGB,Asparaginase B
ASR,Altered Sulfur Response
AST,Anthocyanin spotted testa
ASY,Asynaptic
ATA,Arabidopsis tapetum
ATAD,ATPase family AAA Domain-containing protein
ATBI,Arabidopsis Bax Inhibitor
ATBS,Activation-Tagged BRI1 Suppressor
ATC,Arabidopsis thaliana Centroradialis
ATD,Amidophosphoribosyl transferase
ATEM,Arabidopsis thaliana Early Methionine-Labelled
ATFC,Arabidopsis thaliana Ferrochelatase
ATG,AUTOPHAGY
ATGH,Arabidopsis thaliana Homolog of Soybean GH3
ATH,Arabidopsis thaliana Homebox
ATHB,Arabidopsis thaliana Homeobox
ATI,ATG8-interacting protein
ATK,Arabidopsis thaliana kinesin
ATKC,Arabidopsis thaliana K+ Rectifying Channel
ATKT,Arabidopsis thaliana Potassium Transporter
ATM,Homolog of Human ATM
ATM,Arabidopsis thaliana Myosin
ATML,Arabidopsis thaliana Meristem Layer
ATN,Actin
ATO,Atropus
ATOR,Arabidopsis thaliana ORANGE
ATPT,Arabidopsis thaliana Phosphate Transporter
ATR,Altered tryptophan regulation
ATRR,Arabidopsis thaliana Response Regulator
ATS,Aberrant testa shape
ATSR,Arabidopsis thaliana SNF1-Related
ATSR,Arabidopsis thaliana Signal Responsive
ATST,Arabidopsis thaliana Hydroxyjasmonate Sulfotransferase
ATT,Aberrant induction of type-three
ATX,Arabidopsis Trithorax Homolog
AUG,augmin
AUN,ATUNIS
AUR,Aurora kinase homologs
AUX,Auxin-resistant
AVA,Arabidopsis Vacuolar H+ Pumping ATPase
AVB,Amphivasal vascular bundle
AVP,Arabidopsis Vacuolar H+ Pyrophosphatase
AVPL,Arabidopsis Vacuolar-Pyrophosphatase Like
AWE,Ain't Woman Enough
AWN,All Dressed Up and Nowhere to Go
AXE,Auxin gene expression
AXR,Auxin-resistant
AXY,altered xyloglucan
AYA,Asase ya
AZA,5-azacytidine resistant
AZD,5'-aza-2' deoxycytidine resistant
AZF,Arabidopsis Zinc-Finger
AtPHB,prohibitin
BAD,Basal deletion
BADC,biotin attachment domain containing
BAG,Blassig
BAI,BABA insensitive
BAK,BRI associated receptor kinase
BAL,Ball
BAM,Big apical meristem
BAN,Banyuls
BAP,BON association protein
BARS,baruol synthase
BAS,PHYB activation tagged suppressor
BASL,Breaking of Asymmetry in the Stomatal Lineage
BB,big brother
BBA,BZR-related beta amylase
BBB,Reserved
BBL,Bombadil
BBLB,BUBBLE BATH
BBM,Baby boom
BBP,BIN2-Binding Protein
BBX,B-BOX
BCCP,Biotin Carboxyl Carrier Protein
BCF,Bicentifolia
BDG,Bodyguard
BDH,BCL-DOMAIN HOMOLOG
BDL,Bodenlos
BDM,Barely disastrous miscegenation
BDS,Botrytis decreased susceptibility
BDT,BAH domain-containing transcriptional regulator
BDY,Buddy
BEL,Bell-shaped ovules
BEN,bri1 enhanced
BER,Bicyclic ether resistant
BES,Brassinosteroid Suppressor of bri1
BFA,BIOGENESIS FACTOR REQUIRED FOR ATP SYNTHASE
BFL,Bountiful
BFN,Bifunctional Nuclease
BFR,Bird feather
BG,"Beta-1
BGA,Borgia
BGL,Bagel
BGL,Beta Glucosidase
BGLU,Beta-Glucosidase
BGT,Big top
BGY,BIGYIN
BIBET,Brighter IS Better
BIC,Blue-light Inhibitor of Cryptochromes
BICAT,BIVALENT CATION TRANSPORTER
BIF,Bifid Stigma
BIG,Bigbag
BIG,Large TIR3/DOC1 gene
BIJ,BIJ
BIL,BRZ-insensitive-long hypocotyl
BIM,BMAA Insensitive Morphology
BIN,Brassinosteroid insensitive
BIO,Biotin auxotroph
BIR,BAK1-interacting Receptor Kinase
BIS,BIN2 SUBSTRATE
BKK,BAK1-Like
BKN,BRASSIKIN
BLA,Black Widow
BLB,Blueberry
BLI,Blister
BLO,Bloated
BLP,BCCP-Like Protein
BLT,BRANCHLESS TRICHOME
BMT,Big mitochondria mutant
BMU,Button mushroom
BNEN,phyB-9 enhancer
BNQ,BANQUO
BNS,Bonsai
BOB,Bobber
BOD,Both gametophytes defective
BOI,Botrytis susceptible 1 (BOS1) Interactor
BOL,BOLITA
BON,Bonzai
BOP,Blade on petiole
BOR,Requires high [boron]
BOS,Botrytis susceptible
BOT,Botero
BOU,A bout de souffle
BOX,B-Oxidation; IBA resistant
BP,Brevipedicellus
BPC,BASIC PENTACYSTEINE
BPE,BIGPETAL
BPL,BURSTING POLLEN-Like
BPS,Bypass
BPY,Bumpy meristem: disorganized SAM
BRA,Bractea
BRAVO,BRASSINOSTEROIDS AT VASCULAR AND ORGANIZING CENTER
BRC,Big root cap
BRD,Bromodomain protein
BRE,Botrytis resistance
BRH,Brassinosteroid-Responsive RING H2
BRI,Brassinosteroid insensitive
BRIZ,BRAP2-RING-Znf-UBP
BRK,Homolog of maize BRICK1
BRL,BRI1-like
BRM,Homolog of Drosophila Brahma
BRN,Bearskin
BRO,Bromodeoxyuridine-Resistant Organogenesis
BRON,BRONTOSAURUS
BRP,Broad resistance to Peronospora parasitica
BRS,Brassinosteroid insensitive suppressor
BRT,Bright trichomes
BRU,Brushy
BRX,Brevis radix
BRXL,BRX-LIKE
BRY,berry
BSF,petB/petD Stabilizing Factor
BSH,Bushy plants
BSK,brassinosteroid signaling kinase
BSL,BSU-like
BST,Bristled
BSU,Bri1 Suppressor
BTI,VirB2 Interacting
BTR,Binding to ToMV RNA
BTSL,BTS LIKE
BTU,Bottoms up
BUB,bulb
BUD,Bulkhead
BUK,Buckel
BUL,Butterhead lettuce leaf
BUP,Bursting pollen
BUS,Bushy
BXL,Beta Xylosidase
BYS,BOY NAMED SUE
BZF,BZR1 interacting factor
BZIP,BZip Protein
BZR,Brassinazole resistant
CA,Caespitosa
CA,Carbonic Anhydrase
CAB,Chlorophyll A/B Binding
CABIN,Calcineurin-binding protein
CAC,Chloroplast Acetyl-CoA Carboxylase
CAD,Cadmium sensitive
CAF,Carpel factory
CAI,Carbohydrate insensitive
CAK,CDK Activating Kinase
CAL,Calmodulin-Like
CAL,Cauliflower
CALS,Callose Synthase
CAM,Carbohydrate accumulation mutants
CAM,Calmodulin
CAMS,Camelliol C synthase
CAN,Cytokinin antagonist insensitive
CAO,Chaos
CAP,Capulet
CAP,Cyclase Associated Protein
CAR,CaMV resistant
CARD,Cannot Respond to DMBQ
CAS,Constitutive allene oxide synthase
CAT,Catalase
CAU,Caulis
CAX,Calcium Exchanger
CBB,Cabbage
CBF,C-Repeat/DRE Binding Factor
CBI,CAMBIUM ISLANDS
CBL,Cystathionine-Beta Lyase
CBL,Calcineurin B-Like
CBP,Calmodulin Binding Protein
CBP,Nuclear Cap-Binding Protein
CBP,CREB Binding Protein
CBR,Cytochrome b5 Reductase
CBSX,CBS domain containing protein
CCA,Circadian clock associated
CCB,Cap cajal body
CCDA,CYTOCHROME C DEFICIENT
CCE,Changed Calcium Elevation
CCH,Copper Chaperone
CCH,Conditional chlorina
CCL,CCR-like
CCP,Copper Chaperone of the Plastid
CCR,Carotenoid and chloroplast regulation
CCR,Cinnamoyl CoA Reductase
CCS,Copper Chaperone for Superoxide Dismutase
CCT,CTP:phosphorylcholine cytidylyltransferase
CCY,Cocytus
CDA,Cytidine Deaminase
CDAL,Cytidine Deaminase-Like
CDC,Cell Division Control
CDD,constitutive defence without defect in growth and development
CDK,Cyclin Dependent Kinase
CDO,Chardonnay
CDPK,Calcium Dependent Protein Kinase
CDR,Constitutive disease resistance
CDS,Constitutive disease susceptibility
CEL,Callus expression of RBCL
CEL,Cellulase
CEN,Centipede
CEP,Constitutive expression of PR-1
CER,Eceriferum
CES,Callus expression of RBCS
CESA,Cellulose Synthase Catalytic Subunit
CET,Constitutive expression of thionins
CEV,Constitutive expression of VSP1
CFIS,Cleavage Factor-I similar proteins
CFK,COP9 signalosome interacting F-box KELCH protein
CFL,COP1-interacting protein 4-like
CGA,Cytokinin Induced GATA
CGL,Complex glycan deficient
CGM,contains GDSL-motif
CGS,Cystathionine-Gamma-Synthase
CGT,Cytosolic 4-alpha-glucanotransferase
CH,Chlorina
CHA,Chablis
CHAL,CHALLAH
CHB,Chromatin remodeling complex subunit B
CHC,Chromatin remodeling complex subunit C
CHC,Chlorina-costata
CHF,Chromatin remodeling complex subunit F
CHIB,Basic Chitinase
CHIP,chipped
CHL,Chlorate resistant
CHLS,chlorophyll synthase
CHM,Chlorominuta
CHM,Chloroplast mutator
CHMP,CHARGED MULTIVESICULAR BODY PROTEIN/CHROMATIN MODIFYING PROTEIN
CHN,Charon
CHO,Champignon
CHOR,CHORUS
CHP,Chlorophyll mutant
CHR,Chromatin remodeling complex subunit R
CHS,Chalcone Synthase
CHS,Chilling sensitive
CHT,Chayote
CHY,CoA-ester hydrolase
CHYR,CHY zinc-finger and RING protein
CIA,Chloroplast import apparatus
CIAF,COMPLEX I ASSEMBLY FACTOR
CIB,CRY-interacting bHLH
CIF,Compact inflorescence
CIH,CIHUATEOTL
CII,Cellulose biosythesis inhibitor insensitive
CIK,CLAVATA3 INSENSITIVE RECEPTOR KINASE
CIL,CIA2-like
CIM,Constitutive immunity
CIN,Cytokinin insensitive
CIP,COP1-interacting protein
CIPK,CBL-interacting protein kinase
CIR,Constitutive induced resistance
CIS,Concanamycin insensitive
CIT,Suppressor of Tic
CITF,Cu-deficiency Induced Transcription Factor
CJD,Chloroplast J-like domain
CKA,"Casein Kinase II
CKB,Casein Kinase II Beta Subuit
CKH,Cytokinin hypersensitive
CKI,Cytokinin independent
CKR,Cytokinin resistant
CKS,Catalytic Subunit of Cyclin-Dependent Kinase
CKX,Cytokinin Oxidase
CLA,Cloroplastos alterados
CLB,Chloroplast Biogenesis
CLC,Clathrin Light Chain
CLC,Chloride Channel
CLCA,Chloride channel
CLD,chlorophyll dephytylase
CLE,Clavata3 / ESR related
CLF,Curly leaf
CLG,Coiling
CLM,Clam
CLO,Clotho
CLP,Clp Protease
CLPS,Clp1p similarity
CLR,"Cytokinin resistant
CLSY,CLASSY
CLV,Clavata
CLY,Early flowering
CM,Chorismate Mutase
CML,Calmodulin-related
CMPG,Cys/Met/Pro/Gly Domain Protein
CMR,Chlorflurenol resistant
CMS,CGS1 mRNA stability
CMT,Chromomethylase
CMT,Cytosine methyltransferase
CN,Convoluta
CNA,CORONA
CNAT,Cyclic nucleotide-dependent Acyl-CoA thioesterase
CNC,CUNCTATOR
CNFU,Carboxyl-terminal domain of NifU
CNG,Cyclic nucleotide gated channel
CNGC,Cyclic Nucleotide Gated Channel
CNKP,Cyclic nucleotide-dependent kinase/phosphatase
CNX,Chlorate Resistant
CO,Constans
COA,Coatlique
COB,Cobra
COD,Conehead
COFU,CONFUSO
COG,Cogwheel in Light Signaling Pathway
COH,coronatine hypersensitive
COI,Coronatine insensitive
COL,Columella
COL,Constans-Like
CON,Connected
COP,Constitutive photomorphogenic
COR,Cold Regulated
COS,Corolla superia
COT,Cotyledon trichomes
COV,Continuous vascular ring
COW,Root hair defective
COX,Cytochrome C Oxidase
CP,Compacta
CP,Cupuliformis
CPA,capping protein alpha subunit
CPB,capping protein beta subunit
CPC,Caprice
CPD,Constitutive photomorphogenic dwarf
CPH,Cephalopod
CPI,Cycloeucalenol Cycloisomerase
CPK,Calmodulin domain protein kinase
CPL,C-Terminal Domain Phosphatase Like
CPL,Caprice-Like
CPN,Chaperonin
CPR,Constitutive expression of PR genes
CPS,Constitutive phosphatase secretion
CPSF,Cleavage and Polyadenylation Specificity Factor
CPT,Complex pattern thickening
CRANE,CRANE
CRC,Crabs claw
CRD,Chromodomain protein
CRE,Cytokinin response
CRF,Cytokinin Response Factor
CRG,CTR1-related Group
CRH,COEXPRESSED IN ROOT HAIRS
CRK,Crooked
CRL,Crumpled leaf
CRL,Curly
CRM,Corymbose inflorescence
CRN,Coryne
CRO,Compact rosette
CRP,Cryptic precocious
CRPK,cold-related protein kinase
CRT,Calreticulin
CRTISO,Carotenoid Isomerase
CRWN,CROWDED NUCLEI
CRY,Cryptochrome
CS,Pale
CSD,Copper/Zinc Superoxide Dismutase
CSE,CaMV P6 Suppressor - Ethylene Insensitive
CSI,Cesium resistant
CSL,Cellulose Synthase-Like
CSL,COP1-interacting protein 7-like
CSP,Cytosolic starch phosphorylase
CSR,Chlorsulfuron / imidazolinone resistant
CSS,cer seven suppressor
CST,CAST AWAY
CSY,citrate synthase
CTD,Circadian timing defective
CTF,Cohesion establishment factor
CTG,Cold temperature germinating
CTJ,COURS TOUJOURS
CTL,Chitinase-like
CTR,Constitutive triple response
CTS,Comatose
CTU,cytoplasmic thiouridylase
CU,Curvata
CUC,Cup-shaped cotyledon
CUD,Cudgel
CUL,Cullin
CUM,Cucumovirus multiplication
CUP,Copper sensitive
CUS,Copper Sensitive
CUT,Altered epicuticular wax accumulation
CUV,Clumsy Vein
CV,Chloroplast Vesiculation
CVL,COTYLEDON VASCULAR PATTERN2-Like
CVP,Cotyledon vascular pattern
CXIP,CAX-Interacting Protein
CYC,Cyclin
CYD,Cytokinesis defective
CYL,CYCLOPS
CYM,Cytokinin metabolism defective
CYN,Cyrano
CYP,Cytochrome P450
CYR,Cytokinin resistant
CYS,Cysteine Synthase
CYT,Cytokinesis defective
CZN,Cu/Zn superoxide dismutase
DAA,DUO1-activated ATPase
DAB,Delayed abscission
DAD,Defective in anther dehiscence
DAD,Defender against Apoptotic Death
DAE,DAEDALUS
DAF,DUO1-activated F-box protein
DAG,Dof affecting germination
DAI,Death by Auto-immunity
DAISY,DOCOSANOIC ACID SYNTHASE
DALL,DAD1-Like Lipase
DAM,Damballa
DAN,DUO1-activated nucleic acid binding protein
DAP,DEFENSE-ASSOCIATED PROTEASE
DAR,Distorted architecture
DAS,det2-activation-tagging-suppressor
DAU,DUO1-activated unknown protein
DAW,DUO1-activated WD40 protein
DAZ,DUO1-activated zinc finger
DBE,Debranching Enzyme
DBP,DNA-binding protein phosphatase
DCD,Deregulated cell death
DCE,deregulated CBF2 expression
DCF,deficient in cutin ferulate
DCL,Dicer-like
DCP,decapping
DCR,dwarf and constitutive disease resistance
DCT,Dicarboxylate transport defective
DDA,DOWN IN DARK AND AUXIN
DDC,deficiency in development of the chloroplast
DDL,Dawdle
DDM,Decreased DNA methylation
DDR,DC3::GUS down-regulated
DDS,DAWDLE SUPPRESSOR
DEA,Dentata
DEAL,DESIGUAL
DEC,Defective cytokinesis
DED,Deadhead
DEF,Peptide deformylase
DEG,Disturbed extension growth
DEI,"Embryo
DEL,Depressed expression of RBCL
DEN,Denticulata
DEP,DESPIERTO
DER,Deformed root hairs
DES,Depressed expression of RBCS
DET,De-etiolated
DEX,Defective in exine patterning
DFL,Dwarf in light
DFR,Dihydroflavonol Reductase
DFRL,Dihydroflavonol reductase like
DFT,Deflated Trichomes
DGD,Digalactosyl diacylglycerol deficient
DGE,Defence gene expressers
DGG,Degenerate gametophyte
DGT,Defective Gamete Transmission
DHDPS,Dihydrodipicolinate synthase
DHS,3-Deoxy-D-Arabino-Heptulosonate 7-Phosphate Synthase
DHT,Defective in heat tolerance
DHY,Dominant long hypocotyls
DIA,DIANA
DID,didilia
DIF,"Determinate
DIG,Drought-induced rhizogenesis
DIM,Diminutia
DIN,Dark Inducible
DIP,Disrupted
DIR,Defective in induced resistance
DIS,Distorted trichomes
DIV,Antirrhinum majus DIVARICATA (DIV) Like
DKM,Drink me
DKML,Drink me like
DLE,DWARF AND LESION FORMATION
DLG,Daeumling
DLK,D14-LIKE
DLL,Disease-like lesions
DLO,DMR6-like oxygenase
DLS,Delayed Leaf Senescence
DLT,Defective in Long-term acquired Thermotolerance
DM,Dangerous Mix
DMC,Homolog of yeast DMC1
DME,Demeter
DMI,Delayed Meristem Identity
DMR,Downy mildew resistant
DMS,Demeter suppressor
DN,Dentata
DND,Defense no death
DNE,DCP1-ASSOCIATED NYN ENDORIBONUCLEASE
DNF,Day neutral flowering
DNG,DNA Glycolylases
DNI,Decreased NLP-triggered Immunity
DOC,Dark over-expression of CAB
DOG,Delay of germination
DOGL,Delay of Germination1 like
DOH,daughter of hemera
DOM,Domino
DOQ,DETORQUEO
DOR,DC3::GUS overexpression in roots
DORN,Dornfinger
DOS,Death on systemic leaves
DOT,Defectively Organized Tributaries
DOV,Differential development of vascular associated cells
DPA,DPA Transcription Factor
DPB,DPB Transcription Factor
DPE,Disproportionating enzyme
DPF,Decreased Pre-branch site Formation
DPK,D6 PROTEIN KINASE
DPP,DISPROPORTIONATE
DPR,Drought and pathogen resistant
DPT,Developmental Phase Transition
DRA,Dracula
DREB,Dehydration Response Element B
DRG,developmentally regulated GTP binding protein
DRH,RNA Helicase DRH
DRIP,Arabidopsis DREB2A Interacting Protein
DRK,defense-related receptor kinase
DRL,Deformed roots and leaves
DRM,Domains rearranged methyltransferase
DRN,Dornroeschen
DRNL,DORNROSCHEN-LIKE
DRO,Drought tolerant
DRP,dynamin-related proteins
DRS,drought sensitive
DRT,DNA Damage Repair/Toleration
DRT,"Disease resistant
DRY,Drought hypersensitive
DSA,Defective in Systemic Defense Induced by Abietane Diterpenoid
DSL,Doctor Strangelove
DSO,DESPERADO
DSR,"Dark green leaves
DST,Defective in DST-mediated mRNA degradation
DSY,Meiosis defective
DTA,Downstream Target of AGL15
DTH,Detach
DTR,Detour
DTS,DEFIANCE TO SHADE
DUO,Duo pollen
DUR,Urea Transporter
DUR,Defective UGE in Root
DVL,Devil
DVR,3' 8-divinyl protochlorophyllide a 8-vinyl reductase
DW,Dwarf
DWA,DWD (DDB1-binding WD40 protein) hypersensitive to ABA
DWF,"Dwarf
DWG,Dwarf gigantica
DXO,Decapping Exoribonuclease
DXR,1-Deoxy-D-Xylulose 5-Phosphate Reductoisomerase
DYA,Dyad
DYL,Dormancy-associated protein-like
DYW,DYW
EAD,Ethylene and auxin defects
EAF,Early flowering
EAL,Endodermal-amyloplast-less
EAP,Enhancer of AP1
EAR,Enhancer of aerial rosette
EARP,Extracellular ATP Regulated Protein
EAT,Early flowering activation tagged
EBA,Enhancers of sgt1b-3 auxin
EBE,ERF bud enhancer
EBF,EIN3-binding F-box protein
EBS,Early bolting short days
ECA,ER-Type Calcium-Transporting
ECH,ECHIDNA
ECL,Early curly leaf
ECO,Ectopic outgrowth
EDA,Embryo sac development arrest
EDD,Embryo defective development
EDE,Endosperm defective
EDF,Ethylene responsive DNA binding factor
EDI,Early daylength insensitive
EDL,EID1-Like
EDM,Enhanced downy mildew susceptibility
EDOB,EDR1 Binding Protein
EDOH,EDR1 Homologs
EDOS,EDR1 Suppressor
EDR,Enhanced disease resistance
EDS,Enhanced disease susceptibility
EDTB,EDR2 Binding Protein
EDTH,EDR2 Homolog Protein
EDTS,EDR2 Suppressor
EED,Enhancer of edr1
EEL,Enhanced EM expression during seed maturation
EEN,Enhancer of ethylene insensitivity
EEP,Early extra petals
EER,Enhanced ethylene response
EES,Enhancer of EIN6
EFE,Escape from exine
EFOP,EFR3 OF PLANTS
EFP,Emotionally fragile pollen
EFS,Early flowering in short days
EGL,Enhancer of glabra3
EGM,Enhanced shoot Growth under Mannitol stress
EGR,embryonic gene repression
EGS,Ectopic transgene silencing
EID,Increased sensitivity to light responses
EIF,Eukaryotic Translation Initation Factor
EIJ,EDS1-Interacting J Protein 1
EIL,Ethylene-Insensitive-Like
EIN,Ethylene insensitive
EIR,Ethylene insensitive root
EIS,Enhanced insect susceptibility
EKEKO,EKEKO
ELA,Enhanced linolenate accumulation
ELC,ELCH
ELD,Elongation defective
ELF,Early flowering
ELG,Elongated
ELI,Ectopic Lignification
ELK,Erecta-like
ELL,Extra long lifespan
ELM,Elongate mitochondria
ELO,Elongata
ELP,Ectopic lignin in pith
ELP,EGF Receptor-Like Protein
ELS,EARLY IN SHORT DAYS 4 (ESD4) LIKE SUMO PROTEASE
ELV,Elvish
EMB,Embryo defective
EMD,Embryo sac defective
EMF,Embryonic flower
EML,EMB-Like
EMOM,enhancer of mom1
EMS,Excess microsporocytes
EMU,ERECTA mRNA under-expressed
ENA,Arabidopsis thaliana Enhancer of AtNSI Activity
END,Enhanced de-etiolation
ENE,ENF ENHANCER
ENF,Enlarged FIL expression domain
ENL,Enhancer of lrx1
ENS,Ensalada
ENSP,Enhancer of SP1
ENU,Enhancer of ult1-2
ENY,ENHYDROUS
EOC,Enhancer of COOLAIR
EOL,Eto1-like
EOP,Epistasis overcomes paternal excess
EOR,Enhancer of rps2
EOS,ENHANCED OOMYCETE SUSCEPTIBLE
EPC,Ectopically parting cells
EPL,Enhancer of polycomb-like protein
EPO,Enhancer of POM1
EQT,early quit
ER,Erecta
ERA,Enhanced response to ABA
ERB,Enhanced resistance to bacterial pathogens
ERD,Early Responsive to Dehydration
ERF,Ethylene response factor 1
ERG,Erigere
ERH,Ectopic root hair
ERI,Eroonazole insensitive
ERL,Erecta-like
ERO,Erosa
ERR,Enhanced resistance to Ralstonia
ERS,Ethylene resistant
ERS,Ethylene Response Sensor
ERT,Early trichomes
ESA,Enhance sensitivity to avrRpm1
ESANT,ELM2-SANT domain-containing protein
ESC,Escarola
ESD,Early flowering in short days
ESE,Enhanced sensitivity to ethylene
ESF,ETHYLENE SIGNALING FACTOR
ESI,"Elongated
ESK,Eskimo
ESL,EIN6-Like
ESM,Epithiospecifier modifier
ESS,EIN6 suppressor
ESSP,ectopic expression of seed storage proteins
ESV,Early starvation
ETA,Enhancer or tir1-1 auxin resistance
ETC,enhancer of triptychon and caprice
ETF,Electron Transfer Flavoprotein
ETFQO,Electron transfer flavoprotein-ubiquinone oxidoreductase
ETHE,Ethylmalonic Encephalopathy Protein
ETHYAN,Ethylene Yang Effect
ETHYIN,Ethylene Yin Effect
ETO,Ethylene overproducer
ETR,Ethylene response
ETS,Enhancer of Tsu-0 Suppressor
ETT,Ettin
EVAH,Enhancer of VAH
EVL,EVERSHED-Like
EVN,EVAN
EVR,EVERSHED
EXC,Extra cells
EXGT,Endo-Xyloglucan Transferase
EXI,Exigua
EXL,Extracellular lipase
EXLA,EXPANSIN-Like family A
EXLB,EXPANSIN-Like family B
EXO,Exordium
EXOV,exonuclease V
EXOVL,exonuclease V-like protein
EXP,Expansin
EXPA,EXPANSIN family A
EXPB,EXPANSIN family B
EXS,Extra Sporogenous Cell
EXT,Extensin
EYE,Embryo yellow
EZI,Enhancer of zippy
FAA,floral abscission associated gene
FAB,Fatty acid biosynthesis defective
FAC,Embryonic factor
FAD,Fatty acid desaturase
FAE,Fatty acid elongation defective
FAF,FANTASTIC FOUR
FAH,Ferulic acid 5-hydroxylase
FAN,FKBP Associated NAC
FAR,Far-red impaired response
FAS,Fasciated
FAT,FULL AS A TICK
FATB,Acyl Acyl Carrier Protein Thioesterase
FAX,Fewer axillary branches
FBI,Far-red and blue light insensitive
FBR,Fumonisin B1-Resistant
FCA,Late flowering
FCLY,Farnesylcysteine Lyase
FD,Late flowering
FDH,Fiddlehead
FDH,Formate Dehydrogenase
FDI,Factor differentiation instability
FDM,Factor of DNA methylation
FDR,Flowering time QTL in RI lines
FE,Late flowering
FED,Female gametophytic defective
FEI,Chinese word for fat
FEM,Gametophytic female sterile
FER,Ferritin
FER,Feronia
FES,FRIGIDA-ESSENTIAL
FEY,Forever young
FEZ,Fewer lateral root cap layers
FFC,fifty-four chloroplast homologue
FFO,Fused floral organs
FFT,Floral Flavonoid Transporter
FGL,Fingerleaf
FHA,Fork-head Associated
FHA,Late flowering
FHY,Long hypocotyl in FR light
FIB,Fibrillarin
FID,Findling
FIE,Fertilization independent endosperm
FIF,Flower in flower
FIL,Filamentous flower
FIM,Fimbrin-Like
FIN,Far-red insensitive
FINS,Fructose Insensitive
FIP,Fimbriatus petiolus
FIP,FKBP interacting protein
FIPS,FIP Similar proteins
FIR,5-Fluoroindole resistant
FIS,Fertilization independent seed
FIT,Ferrous-deficency Induced Transcripton Factor
FIZ,frizzy
FK,Fackel
FKD,Forked
FKF,"Flavin-binding
FKP,Flaky pollen
FL,Folliculiformis
FLB,Floral abortive
FLC,Flowering locus C
FLDH,Farnesol Dehydrogenase
FLF,Late flowering
FLH,FLOWERING H
FLI,Farinelli
FLK,Flaky pollen
FLN,Fructokinase-like protein
FLO,Floral defective
FLOE,FLOE
FLP,Four lips
FLR,Filiforme
FLS,Flavonol Synthase
FLS,Flagellin signaling
FLU,
FLX,FLc eXpressor
FLY,FLYING SAUCER
FMA,Forma
FMC,Late flowering
FMT,Friendly mitochondria mutant
FOB,F-box of BZR1
FOCL,FUSED OUTER CUTICULAR LEDGE
FOF,F-box Of Flowering
FOG,Flowering of ga1
FOLK,Farnesol Kinase
FON,Floral organ number
FOP,Folded petals
FOR,Resistant to fluoroorotic acid
FPA,Late flowering
FPF,Flowering promoting factor
FPG,Formamidopyrimidine-DNA Glycosylase
FPH,Flupoxam Hypersensitive
FPS,Farnesyl Diphosphate Synthase
FQR,Flavin Mononucleotide-Binding Quinone Reductase
FRA,Fragile fiber
FRB,Friable
FRC,Furca
FRD,Ferric reductase
FRF,FRS-RELATED FACTOR
FRG,FORGETTER
FRI,Frigida
FRL,Frill
FRM,FRUCTUS MAGNUS
FRO,ferric reductase/oxidase
FRO,Frostbite (Reduced Expression of COR Genes); Translucent Leaves
FRS,Freezing sensitive
FRT,freezing tolerant
FRU,fer-like regulator of iron uptake
FRY,Fiery
FS,Fass
FSD,Fe Superoxide Dismutase
FSG,"Female sporogenesis
FSL,FUSSEL
FSP,fwr suppressor
FST,FEHLSTART
FSU,FRI suppressor
FT,Flowering locus T
FTA,Farnesyltransferase Subunit
FTD,Flowering time defective
FTM,floral transition at the meristem
FTR,Fat root
FTS,Late flowering
FTSZ,Homolog of Bacterial Cytokinesis Z-Ring Protein
FUC,Alpha-L-Fucosidase
FUF,Fully fasciated
FUGU,Fugu
FUL,"Fruitful (AGL8)
FUN,Fused cotyledon
FUP,Fructus parvus
FUR,FUdR resistant
FUS,Fusca
FUT,Fucosyltransferase
FVE,Late flowering
FWA,Late flowering
FWF,fruit without fertilization
FWR,Fewer Roots
FXG,Alpha-L-Fucosidase
FY,Late flowering
FYD,FY Destabilizing
FZR,FIZZY-RELATED
GA,GA requiring
GABR,GUARD CELL ABA RESPONSE
GABR,GUARD CELL ABA RESPONSE
GAD,Glutamate Decarboxylase
GAI,GA insensitive
GAL,Galactose Kinase
GALS,"beta-1
GALT,galactosyltransferase
GAN,gained ABA and Na response
GAP,Glyceraldehyde-3-Phosphate Dehydrogenase
GAR,GA responder
GAS,GAI suppressor
GAS,GA superresponder
GATE,Gate
GATL,GAUT-Like
GAUT,Galacturonosyltransferase
GBF,G-Box Binding Factor
GBL,Goblin
GBPL,GUANYLATE-BINDING PROTEIN-LIKE
GBS,granule-bound starch synthase
GCC,Glucosinolate content and composition
GCH,GTP Cyclohydrolase
GCN,Homolog of Yeast GCN
GCP,gamma tubulin complex protein
GCR,G-protein coupled receptor
GCT,Grand Central
GDG,GH3-LIKE DEFENSE GENE
GDH,Glutamate dehydrogenase
GDL,glutamine dumper-like
GDP,G-PATCH DOMAIN PROTEIN
GDU,Glutamine dumper
GDY,Good die young
GEK,Geko
GEM,Gemini
GER,"GDP-4-Keto-6-Deoxy-D-Mannose 3
GES,Geisselskorpion
GET,Guided-Entry of Tail-anchored Proteins
GEX,Gamete Expressed
GF,Female gametophytic factor
GFA,Gametophytic Factor
GFF,Gametophytic factor - female
GFM,Gametophytic factor - male
GFT,GDP Fucose Transporter
GGAT,glutamate:glyoxylate aminotransferases
GGB,Protein geranylgeranyltransferase type I beta-subunit
GGC,gamma-glutamyl cyclotransferase
GGCT,gamma-glutamyl cyclotransferase
GGL,Gargoyle
GGR,Geranylgeranyl reductase
GGT,gamma-glutamyl transpeptidase
GH,Gelbherzig
GI,"Gigantea
GIA,Growth insensitive to ABA
GIF,GRF-Interacting Factor
GIG,Gravity Induced Genes
GIK,GIANT KILLER
GIL,Gravitropic in light
GIM,Growth insensitive to mannitol
GIN,Glucose insensitive
GINT,GLUCOSAMINE INOSITOLPHOSPHORYLCERAMIDE TRANSFERASE
GIP,GCP3 interacting protein
GIR,growth inhibition relieved
GK,Gurke
GL,Glabra
GLA,Globular Arrest
GLC,Glauce
GLD,Glycine decarboxylase
GLDH,GLYCINE DECARBOXYLASE H-PROTEIN
GLDP,GLYCINE DECARBOXYLASE P-PROTEIN
GLDT,GLYCINE DECARBOXYLASE T-PROTEIN
GLF,Gandalf
GLK,Golden 2-Like
GLM,Gollum
GLO,"Glabrous
GLP,Germin-Like Protein
GLR,Glutamate Receptor
GLS,Glutamate synthase
GLT,Glutamine-2-Oxoglutarate Aminotransferase
GLTP,glycolipid transfer protein
GLU,Glutamate Synthase
GLV,GOLVEN
GLX2,glyoxalate II
GLY,Glycerol-3-phosphate supply
GLYB,Glycine betaine activated
GLYK,Glycerate 3-kinase
GLYR,Glyoxylate reductase
GMB,Gumby
GMD,GDP-D-Mannose Dehydratase
GMI,gamma-irradiation and mitomycin C induced
GML,GERMILATE
GN,Gnom
GNC,GATA Nitrogen Carbon
GNS,Green npr1 seedling on salicylic acid medium
GOR,GORGON
GORK,Gated Outwardly-Rectifying K+ Channel
GOSAMT,Golgi S-Adenosyl Methione Transporter
GOU,GID1b-OE-upregulated protein
GOXL,Galactose oxidase-like
GPA,G-Protein alpha
GPB,Reserved symbol
GPL,GeBP-like protein
GPL,Gametophytic lethality
GPR,GAIN OF PHYTOPHTHORA RESISTANCE
GPS,"GyPSi
GPX,Gapped Xylem
GPXL,Glutathione Peroxidase-Like
GR,Grisea
GRA,Grandifolia
GRD,GROUNDED
GRE,Glyphosate Responsive Element
GRF,Growth regulating factor
GRG,Gravity Regulated Gene
GRL,Gnarled
GRM,Gremlin
GRP,Glycine Rich Protein
GRS,Greening Response to Salt
GRV,"Gravitropic
GSA,Glutamate Semialdehyde Aminomutase
GSDA,guanosine deaminase
GSH,Gamma-Glutamyl-Cysteine Synthetase
GSK,GSK3/Shaggy-Like Protein Kinase
GSL,Glucosinolate defective
GSL,Glucan Synthase-Like
GSM,Glucosinolate metabolism defective
GSO,GASSHO
GSR,Glutamine Sensing Regulatory
GSS,Glucose super sensitive
GST,Glutathione S-Transferase
GTA,Global transcription factor group A
GTB,Global transcription factor group B
GTC,Global transcription factor group C
GTE,Global transcription factor group E
GTF,Global transcription factor group F
GTM,Gamma tocopherol methyltransferase
GTR,GLASSY TRICHOME
GTY,green too early
GUD,GROWTH UNDER DROUGHT
GUL,GULLIVER
GUM,Germ unit malformed
GUN,Genomes uncoupled
GUP,Glutathione-S-transferase upregulated
GWAR,GW-like motif and RAWUL domain protein
GWD,glucan water dikinase
GWP,Gift wrapped pollen
HAB,Hypersensitive to ABA
HAC,Histone acetyltransferase Cbp class
HAE,HAESA
HAF,"Histone acetyltransferase
HAG,"Histone acetyltransferase
HAI,highly ABA-induced PP2C
HAL,Hallimasch
HAM,Halfman
HAN,Hanaba taranu
HAP,Hapless
HAP,CCAAT Binding Protein
HAR,Hyponastic aerial rosette
HAS,Handshake
HAT,Histone Acetyltransferase
HBA,High level beta amylase 1
HBI,homolog of BEE2 binding to IBH1
HBT,Hobbit
HCA,High cambial activity
HCAR,7-hydroxymethyl chlorophyll a reductase
HCC,Homologue of copper chaperone SCO
HCEF,High Cyclic Electron Flow mutants
HCF,High chlorophyll fluorescent
HCP,HDAC complex protein
HCR,High CO2 requiring
HCS,Holocarboxylase Synthetase
HCS,High CO2 sensitive
HCT,hydroxycinnamoyl-CoA shikimate/quinate hydroxycinnamoyltransferase
HD,Histone Deacetylase
HDA,Histone deacetylase rpd3/hda1 superfamily
HDD,Hadad
HDG,HOMEODOMAIN GLABROUS
HDH,Histidinol Dehydrogenase
HDN,Hypersensitive response despite nitric oxide synthase inhibitor
HDT,Histone deacetylase type two
HEB,HYPERSENSITIVE TO EXCESS BORON
HEC,Hecate
HED,HR regulator in EDS1 pathway
HEF,Homolog of EIN5
HEMA,Glutamyl tRNA Reductase
HEN,HUA enhancer
HER,Hypocotyl elongation repressed
HESO,HEN1 SUPPRESSOR1
HEX,Hexose analog resistant
HEXO,beta-N-acetylglucosaminidase
HFO,Histone H4
HFR,Long hypocotyl in far-red
HGL,heteroglycan glucosidase
HHL,HYPERSENSITIVE TO HIGH LIGHT
HIC,High carbon dioxide
HID,HIDDEN TREASURE
HIK,Hinkel
HIL,HEAT INDUCIBLE LIPASE
HIO,High oil (Altered seed content)
HIP,Hormone-independent proliferation
HIRA,Chromatin Remodeling Factor
HISN,Histidine Biosynthesis
HIT,Heat intolerant
HIZ,HAKAI-interacting zinc finger protein
HKT,Na+ K+ Co-Transporter
HLB,Hypersensitive to Latrunculin B
HLF,HALF FILLED
HLH,Hookless1 homolog
HLK,Hillock
HLL,Huellenlos
HLM,HR-Like Lesion Mimic
HLP,HUELLENLOS PARALOG
HLQ,Harlequin
HLR,Halted root
HLS,Hookless
HMA,Haumea
HMC,Hydroxymethyl chlorophyll accumulation
HMG,High Mobility Group
HMG,Hydroxy Methylglutaryl CoA Reductase
HML,hydroxymethylglutaryl-CoA lyase
HMR,HEMERA
HMS,HERMES
HO,Heme oxygenase
HOC,High Organogenic Capacity
HOF,Hoof
HOG,Altered transgene silencing
HOL,Harmless to ozone layer
HON,Histone H1
HOR,HIGH EXPRESSION OF ABIOTIC RESPONSIVE GENE
HOS,High response to osmotic stress
HOT,Sensitive to hot temperatures
HOT,Hosoba toge toge
HOU,Houdini
HPAT,Hydroxyproline O-arabinosyltransferase
HPE,HIGH PHOTOSYNTHETIC EFFICIENCY
HPH,Hyper-Phototropic Hypocotyl
HPH,Hyper-Phototropic Hypocotyl
HPL,Hydroperoxide Lyase
HPN,HYPERION
HPS,hopPsyA-susceptible
HPT,Hauptling
HPY,High ploidy
HRA,HORTA
HRB,Herblock
HRC,Hercules
HRG,Higher response to ABA at germination
HRL,HR-like lesions
HRS,Histidyl-tRNA Synthetase
HRT,Heartless
HRW,HYPERSENSITIVE TO RESTRICTED WATER SUPPLY
HSA,Heat Stress-Associated protein
HSE,Heart shaped embryo
HSF,Heat Shock Factor
HSI,High LUC activity in low sucrose
HSK,Homoserine Kinase
HSL,HAESA-Like
HSP,Hypersensitive signalling photoreceptor mutant
HSP,Heat Shock Protein
HSR,High sugar response
HST,Hasty
HTA,Histone H2A
HTB,Histone H2B
HTH,Hothead
HTR,Histone H3
HUA,Enhancer of ag-4
HUB,histone mono-ubiquitination
HUP,HXK1 unconventional partner
HVC,HAVOC
HVE,Hemivenata
HVT,Helicase vascular/tapetum
HWS,Hawaiian Skirt
HXA,Histone acetyltransferase complex component
HXC,Hypersensitivity to Xanthomonas campestris pv campestris
HXK,Hexokinase
HY,Elongated hypocotyl in light
HYA,Hyade
HYC,HYCCIN CONTAINING
HYD,Hydra
HYL,Hyponastic leaves
HYP,Hypoxic stress response
HYR,Hypostatin Resistance
HYS,Hypersenescence
HYV,High Vigour
IAA,Auxin Induced
IAD,Increased apical dominance
IAE,Increased Ac-excision
IAGLU,Indole Acetate Beta Glucosyltransferase
IAP,Important for the ARR Pathway
IAR,IAA-alanine resistant
IBC,Induced by cytokinin
IBH,ILI1-binding bHLH
IBM,increase in bonsai methylation
IBO,ibo
IBP,homolog of ILI1-binding protein
IBR,Indole-3-butyric acid response
IBS,Insensitive to BABA-induced sterility
ICA,Icarus
ICE,Inducer of CBF Expression
ICE,Insect chewing induced
ICK,Cyclin-Dependent Kinase Inhibitor
ICL,Isocitrate lyase
ICR,IAA conjugate resistant
ICU,Incurvata
ICX,Increased chalcone synthase expression
IDA,Inflorescence deficient in abscission
IDH,Isocitrate Dehydrogenase
IDL,IDA-LIKE
IDR,IDN2 RELATED
IDZ,INDETERMINATE1 (ID1) -like zinc finger protein
IEN,Insensitive to Exogenous NAD+
IFE,Increased FAD3 expression
IFL,Interfascicular fiberless
IGM,Indole Glucosinolate Modifier
IGMT,Indole Glucosinolate O-Methyltransferase
IHR,Irregular hypersensitive response
IKU,Haiku
ILI,Iliokama
ILR,IAA-leucine resistant
IM,Immutans
IMA,IRON MAN
IMP,Impotent
IMS,2-Isopropylmalate Synthase
IMT,IMMATURE TRICHOME
IND,Indehiscent
INDH,iron-sulfur protein required for NADH dehydrogenase
INDL,IND1-like
INF,Infertile with arf8
INK,INNERSIDE RLK
INL,INF1-like
INO,"Inner
INO,Inositol
INP,INAPERTURATE POLLEN
INV,Involute leaf
IOR,IOREMPTE
IPF,Increased Pre-branch site Formation
IPP,Isopentenyl Diphosphate Isomerase
IPS,Induced under phosphate starvation stress
IQD,IQ-DOMAIN
IRA,Increased response to avrRpm1
IRB,Reversal of bri1
IRE,Incomplete root hair elongation
IRE,Increased organ regeneration
IRK,Inflorescence and root apices receptor-like kinase
IRN,Yellow-green
IRO,IRONIC
IRP,IRON-RESPONSIVE PROTEIN
IRS,Icarus
IRT,Iron transport
IRX,Irregular xylem
ISE,Increased size exclusion limit
ISI,Impaired sucrose induction
ISN,Increased SA accumulation in npr1
ISO,Isoginchaku
ISPD,Diphosphocytidyl Methyl Erythirito Synthase
ISR,Induced Systemic Resistance
ISTL,IST1-LIKE
ITB,IRREGULAR TRICHOME BRANCH
ITN,increased tolerance to NaCl
IV,Involuta
IVAD,Impaired Vasculature Development
IVD,Isovaleryl-CoA-Dehydrogenase
IVF,Involutifolia; Activation tagged curly leaf
IVR,Invasive root
IXI,Ixion
IXR,Isoxaben resistant
JAB,JAIBA
JAG,JAGGED
JAH,Jasmonate Hypersensitive
JAI,jasmonate insensitive
JAR,Jasmonate resistant
JAW,Serrated leaves
JAZ,JAsmonate-ZIM-domain proteins
JBA,Jabba
JDR,brig. gen. Jack D Ripper
JIE,Jasmonate-Insensitive1-Enhancer
JIN,Jasmonate insensitive
JKD,Jackdaw
JLO,Jaylo
JMT,Jasmonic Acid Carboxyl Methyltransferase
JOM,JUST-ONE-MORE
JOX,Jasmonate-induced oxygenase
JR,Jasmonic Acid Responsive
JRX,Jumbo rocks
JSN,Jason
JUB,JUNGBRUNNEN
JUM,Jumis
JUR,JUB1 Upstream Regulator
JUV,JUVENILE
KAB,Potassium Channel Beta Subunit
KAK,Kaktus
KAN,Kanadi
KANT,KANADI target
KAPP,Kinase Associated Protein Phosphatase
KAS,3-Ketoacyl-Acyl Carrier Protein Synthase
KAT,Voltage Gated Potassium Channel
KBR,KNOX-BINDING and REDUCING
KCO,Potassium channel outward rectifying
KCS,3-ketoacyl-CoA synthase 1
KE,Altered starch in leaves
KEG,Keep on going
KEK,KLITZEKLEIN
KEM,Khem
KES,KESKONEN
KEU,Keule
KHD,KH domain
KIM,Kimagure
KIP,Kinky pollen
KIPK,KCBP-Interacting Protein Kinase
KIS,Kiesel
KIT,Kinesin of thaliana
KJC,KONJAC
KJK,Kojak
KLK,Klunker
KLU,KLUH
KN,Knolle
KNAT,Knotted-Like Homebox
KNB,Knobhead
KNF,Knopf
KNIT,Knitted in Mitochondrial Genome
KNK,Kinky
KNO1,KNOTEN1
KNOX,Knotted 1-Like Homeobox
KNS,KAONASHI
KOB,Kobito
KOIN,KINASE ON THE INSIDE
KOK,kouke
KOM,Kompeito
KOR,Korrigan
KPL,KOKOPELLI
KRF,Korallenriff
KRP,KIP-Related Protein
KRS,KERBEROS
KSR,3-ketosphinganine Reductase
KTF,KOW domain-containing transcription factor
KTN,Katanin
KU,Homolog of yeast KU70 and KU80
KUA,KUODA
KUH,KUH
KUK,KURZ UND KLEIN
KUN,KUMONOSU
KUO,kupalo
KUP,Potassium Transporter
KWK,KAWAK
KYP,Kryptonite
LAB,Late bloomer
LACS,Long Chain Acyl CoA Synthetase
LAD,Late anther dehiscence
LAF,Long after far-red light
LAG,Late germinating
LAL,Laelli
LAMP,Like ALTERED MERISTEM PROGRAM
LAN,Lanceolate
LAO,Locus of AvrRpm1 operation
LAP,Less adherent pollen
LAR,Loss of avRpm1
LAS,Lateral suppressor
LAT,Laterne
LAZ,Lazarus
LBA,Low level beta amylase
LBD,LOB (Lateral organ boundaries) domain
LBO,LATERAL BRANCHING OXIDOREDUCTASE
LC,Lucida
LCA,Loss of C activity
LCD,Lower cell density
LCL,LHY/ CCA1-like
LCNP,Plastid Lipocalin
LCP,LCAS interacting Protein
LCR,Lacerata
LCS,Low Calcium Sensitive
LCT,Low CAB 140 transcript
LD,Luminidependens
LDA,Limit dextrinase
LDO,Loss of downy mildew resistant one
LDOX,Leucoanthocyanidin Dioxygenase
LDS,Loss of downy mildew resistant six
LE,Lepida
LEAK,Leaky Casparian Strip
LEC,Leafy cotyledon
LECRK,Lectin-Receptor Kinase
LED,Like EDE1
LEJ,LOSS OF THE TIMING OF ET AND JA BIOSYNTHESIS
LEL,LEPIDIUM LIKE
LEM,Leaf morphogenesis disrupted
LEN,Lesion initiation
LEP,Leafy petiole
LES,Disease lesion mimic
LESV,Like early starvation
LET,Lettuce
LFY,Leafy
LGL,Leunig-like
LGO,LOSS OF GIANT CELLS FROM ORGANS
LHC,Light-Harvesting Chlorophyll Binding
LHP,Like heterochromatin protein
LHT,Lysine/Histidine Specific Transporter
LHW,Lonesome highway
LHY,Late flowering
LIE,loss of intron enhancement
LIF,LCAS interacting Factor
LIG,Lignescens
LIN,Lateral foot initiation
LINC,Little Nuclei
LIP,Lipoic Acid Synthase
LIPC,LITTLE PRINCE
LIS,Lachesis
LIT,Lions tail
LKP,LOV Kelch Protein
LKR,Lysine Ketoglutarate Reductase
LKR,Lysine-Ketoglutarate Reductase/Saccharopine Dehydrogenase
LLG,Lorelei-Like Glycosylphosphatidylinositol-anchored protein
LMI,Late meristem identity
LNP,Lunapark
LOB,Lateral organ boundaries
LOC,Yellow green
LOE,LUC-Low-Expressor
LOF,Lateral organ fusion
LOG,Loss of GDU
LOH,LAG1 homologue
LOJ,Lateral organ junction
LOL,LSD one like
LOM,Lost meristems
LOO,low oil
LOP,Lopped
LOR,LOW EXPRESSION OF ABIOTIC RESPONSIVE GENE
LORE,LipoOligosaccharide-specific Reduced Elicitation
LOS,Low response to osmotic stress
LOT,Lower temperature
LOV,Locus orchestrating victorin effects
LOVE,LOVE GLOVE
LOX,Lipoxygenase
LPD,Lipoamide Dehydrogenase
LPE,LOW PHOTOSYNTHETIC EFFICIENCY
LPG,LOW PHOSPHATE GROWTH
LPH,Loophole
LPR,Low-Phosphate Response
LPT,Lilliput
LQY,Low Quantum Yield
LRA,Lost recognition of avrRpm1
LRB,Light Response BTB
LRD,Lesions resembling disease
LRE,Lorelei (Female gametophytic defective)
LRI,Lateral root indicator
LRN,LIFERING
LRP,Lateral Root Primordium
LRS,lateral root stimulator
LRX,Leucine-rich repeat extensin
LS,Light sensitive
LSD,Lesions simulating disease resistance
LSH,Light-dependent short hypocotyl
LSL,lacking strigolactone
LSN,Larson
LSO,LOSS OF SUSCEPTIBILITY TO OOMYCETES
LSOL,LSL (lacking strigolactone) 1 (one) - like
LSP,Loss of susceptibility to potyviruses
LSR,Light stress response
LSS,LANOSTEROL SYNTHASE
LSU,Response to low sulfur
LTD,Light to defense crosstalk
LTI,Low Temperature Induced
LTO,Lumen Thiol Oxido-reductase
LTP,Lipid Transfer Protein
LTPG,lipid transfer protein-gpi-anchored
LU,Lutescens
LUE,LUC-Super-Expressor
LUG,Leunig
LUH,Leunig homolog
LUL,LOG2-like ubiquitin ligase
LUP,lupeol synthase
LUT,Lutein deficient
LUX,LUX ARRHYTHMO
LWD,light regulated WD-repeat protein
LWR,Low water potential response
LY,Lycopodioformia
LZF,light regulated zinc finger protein
LZY,LAZY1-Like
MAA,Magatama
MAC,MOS4 Associated Complex protein
MAD,Male gametophytic defective
MAF,MADS Affecting Flowering
MAG,Maigo
MAH,midchain alkane hydroxylase
MAI,MANIC
MAIL,MAIN LIKE1
MAKR,MEMBRANE ASSOCIATED KINASE REGULATOR
MAL,Marbled leaves
MAM,Maman
MAM,Methyl thioalkylmalate synthase
MAN,Manganese Accumulator
MAP,Modifier of arf7 mutant phenotypes
MAPDA,N6-methyl AMP deaminase
MAR,Multiple Antibiotic Resistance
MAS,MORPHOLOGY OF argonaute1-52 SUPPRESSED
MAT,Defective seed coat and root
MATE,Multidrug And Toxin Extrusion
MAU,MALAMBRUNO
MAX,More axillary branches
MBD,Methyl binding domain protein
MBGT,MANNAN BETA-GALACTOSYLTRANSFERASE
MBP,Myrosinase-Binding Protein
MBR,med binding ring
MBRL,MBR-like
MCA,Mitochondrial Cytochrome Oxidase-Related AAA-ATPase
MCB,Multiubiquitin-Chain-Binding
MCC,Meiotic Chromosome Condensation
MCCB,3-Methlycrotonyl-CoA Carboxylase
MCD,Meiotic chromosome disruption
MCK,Meristematic Cytokinin Binding Protein
MCM,Minichromosome Maintenance
MCS,modified cell shape
MDH,Malate Dehydrogenase
MDI,Modifier of dmr6/dlo1 immunity
MDO,Meristem Disorganization
MDP,PLASMA MEMBRANE-ASSOCIATED DEFENSE PROTEIN
MEA,Medea
MED,Medusa
MEE,Maternal effect embryo arrest
MEF,Mitochondrial RNA Editing Factor
MEK,MAP KINASE/ ERK KINASE
MEL,MAB4/ENP-like
MEN,mum enhancer
MEO,Meidos
MER,Modifier of er
MET,DNA methyltransferase
MFO,Multifolia
MFP,Multifunctional Protein
MFS,MAJOR FACILITATOR SUPERFAMILY
MGD,Monogalactosyl diacylglycerol
MGL,Male gametophytic lethal
MGSA,Modified Gravitropic Set-point Angle
MHK,Protein Kinase
MHX,Magnesium/Proton Exchanger
MIC,Mickey
MIDA,misexpressed in dark
MIF,Modifier of inflorescence
MIG,Mannose insensitive germination
MIL,Mildew-induced lesions
MIM,"MMS
MIN,Miniature
MINI,Miniseed
MINU,minuscule
MIS,Minichromosome instability 12 (MIS12)-like
MIT,Mitsuba
MIU,Milou
MK,Mevalonate Kinase
MKK,Map Kinase Kinase
MKO,MOOTS KOOM
MKP,MAP kinase phosphatase
MLC,MID-LIFE CRISIS
MLH,AtMLH1 knockout
MLS,Malate synthase
MMD,Microspore mother cell death
MMP,Matrix metalloproteinase
MMT,Motley mitochondrial mutant
MMZ,MMS Zwei Homologe
MNP,Monopole
MNS,mannosidase
MNU,Mitochondrial Nuclease
MOA,mosaic aneuploidy
MOB,Modifier of B function
MOC,Mother guard cell
MOD,Modifier of DWF1
MOD,Modifier of SIN1
MOD,Mosaic death
MOE,Margin of Error
MOG,Mollig
MOL,MORE LATERAL GROWTH
MOM,Maintenance of methylation
MON,Mongoose
MOP,MODULATOR OF PIN
MOR,Microtubule organization defective
MORF,Multiple-site Organellar RNA editing Factor
MOS,Modifier of snc
MOT,molybdate transporter
MP,Monopteros
MPA,meiosis prophaseI aminopeptidase
MPC,maternally-expressed PolyAbinding Protein C-terminal
MPH,Maintenance of Photosystem II Under High Light
MPK,MAP kinase
MPL,MYZUS PERSICAE-INDUCED LIPASE
MPR,Modulation of the pathogen response
MPS,Mired in Phosphate Starvation
MRBP,Mitochondrial RNA-binding protein
MRD,mto1 Response Down-regulated
MRE,Homolog of Yeast MRE 11
MRF1,MORN-MOTIF REPEAT PROTEIN REGULATING FLOWERING 1
MRH,Mutant Root Hair
MRI,MARIS
MRL,Marmel
MRM,Murmel
MRN,marneral synthase
MRO,marneral oxidase
MRP,Multidrug resistance-associated protein
MRP,ABC Transporter
MRRD,Mitochondrial retrograde regulation deficient
MRU,mto1 Response Up-regulated
MS,Male sterile
MSA,MARIPOSA
MSBP,membrane steroid binding protein
MSC,More and Smaller Cells
MSD,Manganese Superoxide Dismutase
MSD,Megasporogenesis defective
MSDF,Male Sterile Dwarf
MSG,Hypocotyl curvature defective
MSG,Massugu
MSH,MutS Homolog
MSH,Many shoots
MSRB,methionine sulfoxide reductase B
MST,Mercaptopyruvate Sulfurtransferase
MSU,Mum4 suppressor
MT,Metallothionein
MTA,MT-A70 like
MTE,Modifier of Tsu-0 Enhancer
MTH,mTERF HOMOLOG
MTHFR,Methylenetetrahydrofolate Reductase
MTM,"Multimera
MTO,Methionine over accumulation
MTR,Methyl tryptophan resistant
MUCI,Mucilage Expressed Gene
MUD,Male germ unit displaced
MUM,Mucilage modified seed mutant
MUN,Multinucleate
MUR,Murus
MUS,Mustaches
MUSE,Mutant snc1 enhancing
MUTE,MUTE
MVD,Marginal vein deleted
MW,Mowe
MYA,Myosin Activity
MYB,MYB gene
MYF,Memory of Flowers
,Nana
NAK,Protein Kinase NAK
NAKR,SODIUM POTASSIUM ROOT DEFECTIVE
NAN,Nantosuetta
NAP,Homolog of Rat NAP57
NAP,"NAC-Like
NAPP,NAP of plants
NAR,Gnarly
NATA,N-acetyltransferase activity
NBP,Nucleotide binding protein
NBR,nuclear brassinosteroid responsive
NCB,No cajal body
NCLPP,Nuclear Encoded Clp Protease
NCP,Nuclear Control of PEP activity
NCR,Nitrate constitutive response
NDA,Non-dehiscent anthers
NDC,NAD(P)H dehydrogenase C
NDF,NAD(P)H Dehydrogenase-Dependent cyclic electron Flow
NDH,NADH Dehydrogenase
NDP,Random Potato cDNA Clone
NDPK,Nucleoside Diphosphate Kinase
NDR,Non race-specific disease resistance
NEA,No ELIP2 Activation
NED,NHO1 expression induced by DC3000
NEL,Neuroleptic
NEMO,AN HEMO
NEMOL,AN HEMO LITTLE
NEMOS,AN HEMO SMALL
NEO,NEOPHYTE
NER,No Elimination of RPM1 by AvrRpt2
NERV,Nervous
NES,No ELIP2 Suppression
NEV,Nevershed
NF-YA,"Nuclear Factor Y
NF-YC,"Nuclear Factor Y
NFA,Nucleosome/chromatin assembly factor group A
NFB,Nucleosome/chromatin assembly factor group B
NFC,Nucleosome/chromatin assembly factor group C
NFD,Nucleosome/chromatin assembly factor group D
NFE,Nucleosome/chromatin assembly factor group E
NFF,Nucleosome assembly factor subunit F
NFS,NifS-Like
NFYB,"Nuclear Factor Y
NFZ,Norflurazon tolerant
NGP,nucleolar GTP-binding protein
NHD,Potassium Hydrogen Antiporter Activity
NHL,NDR1/HIN1-Like
NHO,Non-host resistance to Pseudomonas bacteria
NHR,Non-hydrotropic response
NHX,Na+/H+ Exchanger
NIA,Nitrate reductase defective
NIB,Reversal of bin2
NIC,Nicotinamidase
NIGT,NITRATE-INDUCIBLE GARP-TYPE TRANSCRIPTIONAL REPRESSOR
NIH,Nuclear DEIH-Box Helicase
NII,Nitrite reductatse defective
NIM,Non-inducible immunity
NIN,Niner
NIS,Nitrate In-sensitive mutant
NIT,Nitrilase
NIT,Resistant to indole-3-acetonitrile
NJA,Nanaja
NKJ,Nekojita
NLA,nitrogen limitation adaptation
NLP,Nitrilase-Like Protein
NMA,"NIMNA (Sanskrit for '""sunken"" or ""low"")"
NMT,Network mitochondrial mutants
NNI,NPR1/NIM1 interacting
NOA,Nitric Oxide Associated
NOC,No cotyledons
NOH,Non hydrotropic
NOK,Noeck
NOL,NON-YELLOW COLORING1-Like
NON,Nitrate-reponsive gene Over-expressed without Nitrate
NOR,Nitric Oxide Regulation
NORA,Nora's Oomycete Resistant Arabidopsis
NOS,nitric oxide synthase
NOT,Loves-me-not
NOV,No Vein
NPCT,NA+ dependent phosphate co-transporter
NPG,No pollen germination
NPH,Non-phototropic hypocotyl
NPL,Non Phototropic Hypocotyl 1-Like
NPQ,Nonphotochemical quenching defective
NPR,Non-expression of PR genes
NQR,NADPH Quinone Oxidoreductase
NR,Nitrate Reductase
NRA,NAA-Resistant Agravitropic
NRB,No Response to BTH
NRC,Nuclear anarchy
NRD,NO RNA-DIRECTED TRANSCRIPTIONAL SILENCING
NRE,Nitrogen Responsive
NRF,Negative regulator of FT action
NRG,Nitrate regulatory defect
NRL,NPH3/RPT2-Like
NRP,Negative Regulator of PR genes
NRPA,Nuclear RNA Polymerase I
NRPB,Nuclear RNA polymerase II
NRPC,Nuclear RNA Polymerase III
NRPD,Nuclear RNA Polymerase IV
NRPE,Nuclear RNA Polymerase V
NRT,Nitrate transporter
NSE,NON-SMC ELEMENT
NSH,nucleoside hydrolase
NSI,NESSIE
NSL,necrotic spotted lesions
NSM,Insomniac
NSN,nucleostemin-like
NTA,NORTIA
NTF,Nuclear Transport Factor 2
NTH,endonuclease III homolog
NTL,Nitrate transporter like
NTR,Nitrate Transporter
NTT,No Transmitting Tract
NUA,NUCLEAR PORE ANCHOR
NUB,NUBBIN
NUC,Nuclear Cage
NUR,Nutrient responsive
NVL,NO VEIN-Like
NYC,NON-YELLOW COLORING
NZZ,Nozzle
OAK,OUTGROWTH-ASSOCIATED PROTEIN KINASE
OAS,O-Acetylserine (thiol) Lyase
OBE,OBERON
OBF,OCS-Element Binding Factor
OBI,Overexpressor of basic PR isoform
OBO,ORGAN BOUNDARY
OBP,OBF Binding Protein
OCP,Overexpressor of cationic peroxidase
OCT,Octante
ODB,Organellar DNA-binding protein
OEE,Oxygen Evolving Enhancer
OEX,Organellar Exonuclease
OFD,ORGAN FUSION DEFECTIVE
OGG,Homolog of Yeast OGG DNA Glycosylase
OGO,2-oxoglutarate (2OG) and Fe(II)-dependent oxygenase
OJI,Ozone Sensitive Jasmonate Semi-Insensitive
OLD,Onset of leaf death
OLI,OLIGOCELLULA
OLT,Old timer
OMO,Odd man out; male meiosis defective
OMR,L-O-methylthreonine resistant
OMT,O-methyltransferase
ONA,Ovule Number Associated
OND,Ondulata
ONE,ONEIRIC
ONS,Oxygen and nitric oxide sensor
OOK,Ookpik
OOP,Out of phase; altered circadian phase
OPE,Over-producer of ethylene
OPF,ONE PHD FINGER
OPI,okapi
OPL,OCTOPUS-Like
OPN,Open house
OPNR,OPENER
OPR,Oxophytodienoate reductase
OPS,OCTOPUS
OPT,Oligopeptide transporter
ORA,Octadecanoid-Responsive Arabidopsis AP2-ERF gene
ORB,Orbiculata
ORC,Orc
ORC,Origin Recognition Complex
ORE,Oresara
ORN,Ornata
ORS,ORESARA1 SISTER
ORTH,ORTHRUS
ORTHL,ORTHRUS-like
OSC,OXIDOSQUALENE CYCLASE
OSH,O-Acetyl-L-Serine High Accumulation
OSM,Osmotic sensitive mutant
OSS,overly salt sensitive
OST,Ostiole and open stomata
OSU,Oversensitive to sugar
OTC,Ornithine Transcarbamylase
OTLD,OTubain-Like Deubiquitinase
OTP,Organelle Transcript Processing
OVA,Ovule Abortion
OVM,"Female sterile
OWL,Orientation under very low fluences of light
OXP,OXOPROLINASE
OXR,OXidation Resistance
OXT,Oxidative stress tolerant
OZS,Ozone sensitive
PAA,P-Type ATPase in Arabidopsis
PAA,20S Proteasome Subunit
PAB,Phytochrome-actin binding protein
PAC,Pale cress
PAD,Phytoalexin deficient
PAE,20S Proteasome Subunit
PAG,20S Proteasome Subunit
PAGR,Pectic ArabinoGalactan Related
PAI,Phosphoribosylanthranilate Isomerase
PAKRP,Phragmoplast-Associated Kinesin-Related Protein
PAL,Phenylalanine Ammonia-Lyase
PALP,Palpigradi
PAN,Extra perianth organs
PAO,pheophorbide a oxygenase
PAP,Production of anthocyanin pigment
PAP,Phosphatidic Acid Phosphatase
PAPS,Poly(A) Polymerase Similar proteins
PAR,Phytochrome rApidly Regulated
PARC,Paralogs of ARC
PARCL,Phloem associated RNA Chaperone-like
PARL,PARALLEL
PAS,Pasticcino
PAT,Phytochrome A transduction
PATDP,Patatin-Domain Protein
PATL,patellin
PATLP,Patatin-like protein
PAU,Parthenocarpic
PAWD,Protein associated with Doa10
PAWH,Protein Associated with Hrd1
PAX,Partial suppressor of AXR3
PBA,Proteasome Beta Subunit
PBCP,photosystem two core phosphatase
PBG,Proteasome Beta Subunit
PBH,Paintbrush
PBN,phytochrome B nuclear body mutant
PBO,PEEK-A-BOO
PBR,Polar Bare
PBS,avrPphB susceptible
PCA,Propecia
PCB,Poly cajal body
PCD,Promotion of cell death
PCFS,Pcf11p similarity
PCK,phosphoenolpyruvate carboxykinase
PCK,Peacock
PCL,PHYTOCLOCK
PCLL,PHYTOCLOCK 1 LIKE
PCM,Pale leaves in culture
PCME,Prenylcysteine methylesterase gene
PCN,POPCORN
PCNA,Proliferating Cellular Nuclear Antigen
PCO,Phosphoglycolate phosphatase
PCP,PORCUPINE
PCR,PLANT CADMIUM RESISTANCE
PCS,Phytochelatin Synthase
PCS,Precocious
PCT,PLASTID COMATOSE-like TRANSPORTER
PDC,Pyruvate Decarboxylase
PDCB,Plasmodesmata callose-binding protein
PDD,Pollen Development Defective
PDE,Pigment-defective embryo
PDF,Protodermal factor
PDH,Proline Dehydrogenase
PDK,Pyruvate Dehydrogenase Kinase
PDL,PCD/DCoH-like protein
PDLP,Plasmodesmata-located protein
PDP,Polka dot pollen
PDR,Pleiotropic Drug Resistance
PDR,Phosphate deficiency response
PDS,Phytoene desaturase
PEC,Permeable cuticle
PECP,phosphoethanolamine/phosphocholine phosphatase
PECT,CTP:phosphorylethanolamine cytidylyltransferase
PED,Peroxisome defective
PEEL,PEELING WALLS
PEF,Phtochrome-Signaling Early Flowering
PEG,Pegasus
PEK,Phosphate insensitive end link
PEN,
PENDUL,Pendulant Pods
PEO,Partner of ETHYLENE AND AUXIN DEFECTS1
PEP,Pepper
PEPCK,Phosphoenolpyruvate Carboxylase Kinase
PER,Perfect
PET,Petit
PET,Photosynthetic Electron Transfer
PEX,Peroxin
PFC,Paleface
PFG,Production of Flavonol Gycosides
PFI,Pfifferling
PFL,Pointed first leaves
PFN,Profilin
PFS,Pretty few seeds
PFU,PHO2 family ubiquitin conjugation enzyme
PGA,Primary growth angle
PGA,Plant Growth Activators
PGD,Pollen Germination Defective
PGI,Chloroplastic phosphoglucose isomerase
PGIP,Polygalacturonase Inhibiting Protein
PGK,Phosphoglycerate Kinase
PGLP,2-PHOSPHOGLYCOLATE PHOSPHATASE
PGM,Phosphoglucomutase
PGP,Plastidic phosphatidylglycerol-phosphate synthase
PGR,Proton gradient regulation
PGS,Phosphatidylglycerolphosphate Synthase
PGX,POLYGALACTURONASE INVOLVED IN EXPANSION
PHA,phylloquinone absence
PHB,Phabulosa
PHD,Pothead
PHE,Pheres
PHH,Photoreceptor/Photolyase Homolog
PHI,Phosphate-Induced
PHL,PHYTOCHROME-DEPENDENT LATE-FLOWERING
PHLO,PHLOEM HEAT-RESPONSE PROTEIN
PHO,Low inorganic phosphate
PHOT,Phototropin
PHR,Photolyase/Blue-Light Receptor
PHS,Propyzamide-hypersensitive
PHT,Phosphate Transporter
PHV,Phavoluta
PHX,Phoenix
PHY,Phytochrome
PI,Pistillata
PIA,PP2C Induced by AvrRPM1
PIAL,PIAS-like SUMO ligase
PIC,Pinocchio
PICC,PAMP induced coiled coil
PICL,PAMP induced coiled coil-like
PID,Pinoid
PIE,Photoperiod-insensitive enhancer of elf3-7
PIF,Phytochrome Interacting Factor
PIM,Plastid import machinery
PIN,Pin-formed
PININ,PININ
PINL,Pinformed Like
PINT,PIF DOWNSTREAM INTEGRATORS
PIP,Pippin
PIP,Plasma Membrane Intrinsic Protein
PIRK,Proton pump interacting receptor kinase
PIRL,Plant Intracellular Ras group-related LRR
PIROGI,PIROGI
PIRP,PIR of plants
PIS,Phosphatidylinositol Synthase
PIX,Pixie
PIXL,PHOTOTROPIN INTERACTING CROSS-LINKED
PK,Protein-Serine Kinase
PKL,Pickle
PKP,Plastidic pyruvate kinase beta1 Knock Out
PKS,Phytochrome kinase substrate
PKS,Protein Kinase
PKSA,Polyketide synthase A
PKSB,Polyketide synthase B
PKT,Peroxisomal 3-Ketoacyl-CoA Thiolase
PLAT,PLAT domain protein
PLC,Phospholipase C
PLC,Polychome
PLD,Phospholipase D
PLDD,Phospholipase D delta
PLE,Pleiade
PLF,Proliferous
PLIM,pollen-LIM
PLK,Polar Localized Kinase
PLN,Phlegethon
PLP,Pluripetala
PLS,Polaris
PLSP,Plastidic Signal Peptidase
PLT,Plethora
PLU,Pluto
PMD,Petal loss modifier
PMDH,peroxisomal NAD-malate dehydrogenase
PMES,Protein Phosphatase Methylesterase
PMG,Production of Methionine-derived glucosinolate
PMH,PUTATIVE MITOCHONDRIAL HELICASE
PMI,Plastid Movement Impaired
PMR,Powdery mildew resistant
PNB,Phytochrome Nuclear Body
PNC,peroxisomal adenine nucleotide carrier
PNH,Pinhead
PNK1,PLASTID NUCLEOSIDE KINASE 1
PNL,Pointed leaves
PNS,phytochrome B N-terminal domain signaling
PNT,Peanut
PNY,Pennywise
POC,Photo current mutants
POD,Pyrabactin overdoser
POF,Partners Of PAR Factors
POG,Promotion of germination
POGE,Pollen Germination
POK,Poky pollen tube
POL,Poltergeist
POLAR,polar localization during asymmetric division and re-distribution
POLH,Polymerase eta
POM,Pom-pom
POP,Pollen-pistil incompatibility
POR,Porcino
POR,Protochlorophyllide Oxidoreductase
PORB,Protochlorophyllide Oxidoreductase
POS,Picos
POW,Pollen wall mutant
POX,Proline Oxidase
PP2A,Protein Phosphatase
PPAL,protein prenyltransferase alpha-subunit-like
PPC,Phosphoenolpyruvate Carboxylase
PPD,PEAPOD
PPF,Powerpuff
PPH,Pheophytinase
PPI,Plastid protein import
PPI,Proton Pump Interactor
PPK,Photoregulatory Protein Kinase
PPP,PIN2 promoter binding protein
PPR,Peronospora parasitica resistant
PPRD,Polyprenol reductase
PPS,Pleiotropic Photo Signaling Mutant
PPSY,Precursor of PSY
PPT,Phosphate/phosphoenolpyruvate translocator
PQR,Paraquat resistant
PR,Pathogenesis-Related
PRA,Prairie
PRC,Procuste
PRCE,PSI-INTERACTING ROOT-CELL ENRICHED
PRE,Precocious
PRF,Profilin
PRH,PAPS Reducatase Homolog
PRHA,Pathogenesis Related Homeodomain
PRI,Priapus
PRK,Peter Parker
PRL,Prolifera
PRLK,plasmodesmata associated receptor-like kinases
PRN,Pirin
PRO,Proembryo
PRORS,PROLYL tRNA SYNTHETASE
PROS,Positive Regulator of SKD1
PRP,Phytochrome-related phosphatase
PRP,Proline-Rich Protein
PRPL,Plastid ribosomal protein L11
PRR,Pseudo response regulators
PRS,Pressed flower
PRT,Proteolysis
PRZ,Proporz
PSAE,psa E1
PSB,Photosystem II proteins
PSBO,PSII oxygen evolving complex
PSCP,Peroxisomal sterol carrier protein 2
PSD,Phosphatidylserine Decarboxylase
PSD,Paused
PSE,Photoperiod-sensitive suppressor of elf3
PSI,Phytochrome signalling
PSK,Phytosulfokine Precursor
PSP,Phosphoserine Phosphatase
PSR,Pseudomonas syringae resistance
PSR,Phosphate Starvation Response
PSRP,Plastid-Specific Ribosomal Protein
PSS,phosphatidylserine synthase
PST,Photoautotrophic salt tolerance
PSV,Pseudoverticillata
PT,Primordia timing
PTD,Parting dancers
PTF,psbD transcription factor
PTH,Phosphate Translocator Homologous
PTL,Petal loss
PTP,Protein Tyrosine Phosphatase
PTR,Peptide Transporter
PUB,Plant U-box protein
PUCHI,PUCHI
PUK,PUMPKIN
PUKI,pseudouridine kinase
PUL,PUPHLUNS
PUMY,pseudouridine monophosphate glycosylase
PUP,Phosphatase underproducers
PUT,polyamine uptake transporter
PUX,plant UBX-domain containing proteins
PWD,"phosphoglucan
PWK,Patchwork
PWO,PWWP-domain interactor of Polycombs
PXA,Peroxisomal ABC transporter
PXD,PHOSPHOLIPASE C X-DOMAIN CONTAINING PROTEIN
PXG,Peroxygenase
PXN,Peroxisomal NAD carrier
PXY,Phloem intercalated with xylem
PY,Pyrimidine requiring
PYL,Pyrabactin reistance 1-Like
PYM,Polychome
QBL,Quibble
QKY,QUIRKY
QQS,Qua-quine starch
QQT,Quatre-quart
QRT,Quartet
QUA,Quasimodo
QWRF,QWRF domain containing
RAB,Responsive to ABA
RAC,Resistant to Albugo candida
RAD,DNA Repair-Recombination
RAD,Hypersensitive to gamma radiation
RADA,RadA-like
RADI,Antirrhinum majus RADIALIS (RAD) Like
RAG,Root Alternated Growth
RAH,responsive to acid hydrolysis
RAI,Rainbow
RALFL,RALF-Like
RAM,Reduced B-amylase
RAN,Responsive to antagonist
RANBP,RAN Binding Protein
RAO,Regulator of Alternative Oxidase
RAP,Rapunzel pollen
RAP,Related to AP2
RAR,Required for Mla resistance
RAT,Resistant to Agrobacterium transformation
RAX,Regulator of AXillary meristems
RB,Retinoblastoma Protein
RBA,Recognition of hopBA1
RBCS,RUBISCO Small Subunit
RBE,Rabbit ears
RBG,RNA-binding glycine-rich
RBL,REBELOTE
RBOH,Respiratory Burst Oxidase Homologues
RBP,RNA Binding Protein
RBPG,Resistance to Botrytis polygalacturonases
RBR,Retinoblastoma-Related
RBSK,ribokinase
RBX,RING H2 Protein
RBY,Ruby
RCA,Rubisco Activase
RCA,Regulation of carboxylase activation
RCB,Regulator for Chloroplast Biogenesis
RCCR,red chlorophyll catabolite reductase
RCD,Radical-induced cell death
RCE,RUB Conjugating Enzyme
RCF,Regulator of CBF gene expression
RCI,Rare Cold Inducible
RCK,Rock-n-rollers
RCN,Altered responses to NPA
RCT,Resistant to beet curly top virus
RCU,Recurvata
RCY,Resistant to CMV-Y
RD,Rotundata
RDA,REDUCED ANTHOCYANINS
RDO,Reduced dormancy
RDP,REDUCED POLLEN NUMBER
RDR,RNA-Dependent RNA Polymerase
RDRP,RNA-Dependent RNA Polymerase
RDS,Regulation of desaturases in seeds
RE,Reticulata
REA,RAP2.6 expression in shoot apex
REB,Root epidermal bulger
RECA,recA homolog
RECG,RecG-Like
RED,Red light elongated
REF,Reduced epidermal fluorescence
REK,Root elogation receptor kinase
REL,Root expression of RBCL
REM,Homolog of Brassica REM (Reproductive Meristem)
REM,Round embryo
REN,rar1-15 Enhancer
REP,Reduced phytochrome signaling
RER,RETICULATA-RELATED
RES,Root expression of RBCS
REV,Revolute leaf
REX,Relaxed expression of transgenes
RFC,Regulator of fatty acid composition
RFE,Regulator of HSF expression
RFI,Rastafari
RFO,Resistance to Fusarium oxysporum
RFR,REF4-related
RFS,RIN4 suppression
RGA,Repressor of GA1-3
RGC,RAB GTPase activator-like Chloroplast protein
RGD,Root growth defective
RGF,Root apical meristem growth factor
RGGAT,Rhamnogalacturonan-I Galacturonosyltransferase
RGI,RGF insensitive
RGL,RGA-like
RGLG,Ring ligase
RGM,Rapid germination
RGN,Chlorate resistant
RGP,Reversibly Glycosylated Polypeptide
RGR,Reduced root gravitropism
RGTA,Rab geranylgeranyltransferase alpha subunit
RGTB,Rab geranylgeranyltransferase beta subunit
RGXT,RhamnoGalacturonan specific XylosylTransferase
RHA,Rab Homolog
RHA,Root-handedness altered
RHD,Root hair defective
RHG,Root and hypocotyl gravitropism
RHL,Root hairless
RHON,RhoN domain containing protein
RIB,Resistant to indole butyric acid
RID,Root initiation defective
RIE,RING-finger protein for embryogenesis
RIF,Resistant to Inhibition with Fosmidomycin
RIK,RAR1 interacting kinase
RIMA,RPAP2 IYO Mate
RIN,RPM1 interactor
RIP,Resistance increased to Plutella
RIS,RIN4 suppression
RITA,RNA inhibited through AGO
RITF,RSA interacting transcription factor
RKF,Receptor-Like Kinase in Flowers
RLF,Reduced lateral root formation
RLK,Receptor-Like Kinase
RLM,Resistance to Leptosphaeria maculans
RLP,Revertant for leafy petiole
RLR,Reduced lateral root
RLS,Root light sensitive
RLSB,RbcL mRNA S1 binding domain protein
RML,Root meristemless
RMT,Resistant to methyl tryptophan
RNC,Reduced Nitrate Concentraion
RNC,Ribonuclease III
RNE,RNase E
RNR,RNase R family
RNS,Ribonuclease
RNT,Runt
ROA,Regulator of ABA Response
ROB,Revertant of bri1
ROBIN,Revertant of bin2
ROBRI,Revertant of bri1
ROC,Rotamase Cyclophilin
ROC,Root outgrowth constitutive
ROCO,Regulator of CONSTANS
ROD,Reduced oleate desaturation
ROG,Rogaine; Supressor of glabral trichome defect
ROH,Roots from hypocotyl
ROK,Resistant to FR light killing
ROL,Repressor of lrx1
RON,Rotunda
ROP,RHO-Like GTP Binding Protein
ROQH,Relaxation of qH
ROR,suppressor of ros1
ROS,Repressor of silencing
ROSE,ROSETYLER
ROT,Rotundifolia
ROU,ROUGE
ROX,Regulator of axillary meristem formation
ROZ,Resistant to ozone
RP,Proline resistant
RPB,Reaction to Plasmodiophora brassicae
RPD,Root primordium defective
RPE,Ribulose-5-phosphate 3-epimerase
RPF,RNA PROCESSING FACTOR
RPG,Rapid precocious germination
RPK,Receptor-Like Protein Kinase
RPL,Replumless
RPL,Ribosomal Protein Large Subunit
RPM,Resistance to Pseudomonas syringae pv. maculicola
RPN,26S Proteasome Regulatory Particle Subunit
RPP,Recognition of Peronospora parasitica
RPS,Resistant to Pseudomonas syringae
RPS,Ribosomal Protein Small Subunit
RPT,Root phototropism
RPW,Recognition of powdery mildew
RPX,Regulator of proteasomal gene expression
RRA,Reduced Residual Arabinose
RRC,REDUCED RED-LIGHT RESPONSES IN CRY1CRY2 BACKGROUND
RRD,Root Redifferentiation
RRE,Rapid Response to Elicitor
RRP,RIBOSOMAL RNA PROCESSING
RRS,Resistant to Ralstonia solanacearum
RRT,Regulates resistance to TCV
RS,Resistant to salt
RSA,Short root in salt medium
RSF,Reduced sensitivity to far-red light
RSH,"Root
RSI,Reduced Systemic Immunity
RSL,RHD SIX LIKE
RSP,rar1-15 Suppressor
RSR,Reduced sugar response
RST,Resurrection
RSTK,Receptor-like Serine/Threonine Kinase gene
RSW,Radially swollen root
RSX,Restricted sucrose export
RSY,Raspberry
RTE,Reversion to ethylene sensitivity
RTG,Raring to go
RTH,RTE1-Homolog
RTM,Restricted TEV movement
RTN,Reduced trichome number
RTS,Retsina
RTS,RNA Mediated Transcriptional Silencing
RTV,RELATED TO VERNALIZATION1
RTY,Rooty
RUB,Ubiquitin Related Protein
RUBY,Ruby Particles in Mucilage
RUG,Rugosa
RUK,Runkel
RUL,REDUCED IN LATERAL GROWTH
RUP,REPRESSOR OF UV-B PHOTOMORPHOGENESIS
RUS,Related to auxin synthesis
RVE,Reveille
RWA,Reduced Wall Acetylation
RXA,Resistant to Xanthomonas campestris pv. amoraciae race
RXC,Reaction to Xanthomonas campestris
RXR,Repressor of excessive root hair growth
SAB,Sabre
SAC,Homolog of Yeast SAC1
SACP,Senescence-associated chloroplast protein
SAD,Salt (NaCl) addiction
SAG,Senescence-Associated Gene
SAG,Sagittatus
SAHH,S-Adenosyl-L-Homocysteine Hydrolase
SAI,Salicyclic acid insensitive
SAINT,Suppressor of AINTEGUMENTA
SAM,Shoot apical meristem defective
SAN,Salobreno
SAP,Sterile apetala
SAPP,Senescence-Associated Peroxisomal Protein
SAQR,Senescence-associated QQS related
SAR,Suppressor of auxin resistance
SARD,Systemic acquired resistance deficient
SAS,Sodium super-accumulation in shoot
SAT,Serine-glyoxylate aminotrasferase
SAV,Shade AVoidance mutant
SAW,SAWTOOTH
SAX,"Hypersensitive to ABA
SBB,Suppressor of bak1 bkk1
SBE,Starch Branching Enzyme
SBH,Sphingoid Base Hydroxylase
SBI,Suppressor for BRI1
SBP,S-Ribonuclease Binding Protein
SBR,Short blue (Dc3-GUS overexpressing) root
SBS,Slightly Bifid Stigma
SCA,Scabra
SCABP,SOS3-Like Calcium Binding Protein
SCB,Small cajal body
SCC,Suppressor of cry1/cry2
SCD,Stomatal cytokinesis defective
SCF,Scarface
SCH,Starch accumulating root
SCL,Scarecrow like
SCM,Scrambled
SCN,Supercentipede
SCO,Scoop
SCOR,Scorpion
SCP,Side car pollen
SCR,Scarecrow
SCRM,Scream
SCV,Suppressor of cpr5
SCY,SecY Homolog
SCZ,Schizoriza
SDA,Small defense-associated protein
SDD,"Stomatal density
SDE,Silencing defective
SDF,Semi Dwarf
SDG,SET domain group
SDH,Saccharopine Dehydrogenase
SDI,Sensitive to Dosage Imbalance
SDM,Seed Dormancy Modifier
SDN,Small RNA degrading nuclease
SDP,Sugar dependent
SDR,Sulfadiazine resistant
SDS,Solo dancers
SDT,Spermidine disinapoyl acyltransferase
SE,Serrate
SEA,Serrata
SEC,Secret agent
SECA,SecA homolog
SECE,SecE homolog
SEH,Epoxide Hydrolase
SEL,Selenate resistant
SEM,Semisterile
SEN,Early senescence
SEO,Suppressor of EIN3 Overexpression
SEOR,Sieve Element Occlusion-Related
SEP,Sepallata
SER,Serrated leaf
SERK,Somatic embryogenesis receptor kinase
SES,Sucrose effect on stress
SESA,SEED STORAGE ALBUMIN
SET,Suppressor of ein3
SETH,Seth
SEU,Seuss
SEX,Starch excess
SFC,Scarface
SFD,Suppressor of fatty acid deficiency
SFL,Seth Four Like
SFP,Sugar-Porter Family Protein
SFPS,SPLICING FACTOR FOR PHYTOCHROME SIGNALING
SFR,Sensitive to freezing
SFS,Sawfish
SFT,Suppressor of overexpression of FT
SG,Sterol glucosyltransferase
SGA,Silencing group A
SGB,Silencing group B
SGF,Silencing group F
SGK,sphingosine kinase
SGL,sphingosine-1-phosphate lyase
SGN,STAYGREEN
SGP,sphingosine-1-phosphate phosphatase
SGR,Shoot gravitropism
SGS,Suppressor of gene silencing
SGT,Suppressor of G2 allele of skp1
SHA,Shabondama
SHD,Shepherd
SHE,"Female gametophyte
SHI,Short internodes
SHL,Seedlings hyper-responsive to light
SHM,Serine hydroxymethyltransferase
SHN,Shine
SHO,suppressor of HSC70 overexpression
SHOT,SUPPRESSOR OF hot1-4
SHOU,Chinese word for skinny
SHP,Shatterproof
SHQ,Activation tagged suppressor of phyB with increased biomass
SHR,Short tap and lateral root
SHR,Short root
SHS,Suppressor of FAB
SHT,"Short tap
SHUAI,Shuai
SHV,Shaven
SHY,Short hypocotyl
SHYG,SPEEDY HYPONASTIC GROWTH
SHZ,Schizoid
SIA,siesta
SIC,Sunburns in cold
SICS,slender in canopy shade
SICY,Sugar-inducible cotyledon yellow
SID,Salicylic acid induction deficient
SIF,stress-induced and flowering
SIG,Sucrose insensitive growth
SIG,RNA Polymerase Sigma Subunit
SIL,Altered transgene silencing
SIM,Siamese
SIN,Sinapic acid biosynthesis
SIN,Short integuments
SINAT,Homolog of Drosophila SINA
SINE,SUN domaininteracting nuclear envelope protein
SIP,Signal peptidase
SIR,Silencing repressor
SIR,Sulfite Reductase
SIS,Sugar insensitive
SK,Shaggy-Like Kinase
SKA,Sidekick of clavata
SKD,skud
SKL,Skp-like
SKO,SKOR K+ channel
SKP,Subunit of Ubiquitin Ligase
SKS,SKU5 similar
SKU,Skewed root growth on agar
SLAC,SLOW ANION CHANNEL-ASSOCIATED 1
SLAH,SLAC1 HOMOLOGUE
SLE,Sleepless embryo
SLH,Sensitive to Low Humidity
SLI,Sieve element-lining chaperone
SLK,Seuss-like
SLM,SUB-LIKE MUTANT
SLN,SA levels lower than npr1
SLO,Slowcoach
SLOF,Suppressor locus of fla4
SLOMO,SLOW MOTION
SLP,Schlepperless
SLR,Solitary root
SLS,Suppress Late-flowering phenotype under Short-day
SLT,Sodium and Lithium Tolerant
SLX,Suppressor of Lateral Organ Boundaries Domain 16 SRDX Overexpression
SLY,Sleepy (GA-insensitive suppressor of ABI1-1
SMA,Symptoms to multiple avirulence genotypes
SMB,Sombrero
SMC,Structural Maintenance of Chromosomes
SMD,"Sporophyte
SMF,So Much Fluorescence
SML,Stamen loss
SMM,suppressor of mum
SMOF,SUPPRESSOR OF MOS4
SMOM,suppressor of mom1
SMOT,SUPPRESSOR OF MOS2
SMR,SIAMESE-Related
SMS,Suppressor of msg1/nph4
SMT,Sterol methyl transferase
SMU,homologs of nematode SMU
SMZ,SCHLAFMTZE
SNA,Suppressor of nph3 Aphototropism
SNAG,Snaggy
SNC,Suppressor of NPR1 constitutve
SNE,"Curled trichomes
SNF,Snuffleupagus
SNG,Sinapoylglucose accumulator
SNI,Suppressor of NPR1 inducible
SNIPER,snc1-influencing plant E3 ligase reverse genetic screen
SNK,Snake charmer
SNL,SIN3-like
SNO,Snowball
SNS,Spontaneous necrotic spots
SNT,Sin3 homologs
SNV,Supernova
SNW,SNC1-like in Ws
SNX,SORTING NEXIN
SNZ,SCHNARCHZAPFEN
SOA,Suppressor of acd11-related cell death
SOB,Activation-tagged suppressors of phyB
SOBER,Suppressor of AvrBsT-elicited resistance
SOBRI,Suppressor of bri1
SOC,Suppressor of over-expression of CO
SOE,Suppressor of Ethylene Insensitivity
SOF,Suppressor of FLH
SOG,Supressor of gamma
SOH,son of hemera
SOL,Solo
SOM,Somniferous
SON,Suppressor of NIM
SOPH,sigma one phosphatase
SOPK,sigma one protein kinase
SOQ,Suppressor of Quenching
SOR,Suppressor of rps2
SOS,Salt overly sensitive
SOST,Suppressor of Silenced Transgenes
SOT,Suppressor of TRP2
SOV,sugar oversensitive
SOW,Suppressor of W4A
SOZ,Sensitive to ozone
SP,Suppressor of ppi1
SP1L,Spiral 1 like
SPA,Suppressor of PHYA-105
SPCH,Speechless
SPD,Seedling plastid development
SPDS,Spermidine Synthase
SPE,Spermine/spermidine deficient
SPEC,Suppressor of PPI1 Enhanced Chlorophyll
SPEN,SPEN
SPF,Stable PIF1
SPG,Suppressor of Preglobular Arrest
SPH,S-Protein Homolgue
SPI,Spirrig
SPIK,Shaker family K+ channel
SPIKE,Spike
SPK,Spock
SPL,Sporocyteless
SPM,Resistant to spermine
SPN,Spoon
SPP,Sucrose-Phosphatase
SPP,Tightly clustered inflorescence
SPPD,suppressor of peapod
SPPL,Signal peptide peptidase-like
SPPR,LITTLE SIPPER
SPR,Spiral
SPR,Spermine resistant
SPRT,SUPPRESSOR OF RFC THREE
SPS,Supershoot
SPT,Spatula
SPU,Suppressor of ult1-2
SPY,Spindly
SPZ,Spatzle
SQD,Sulfolipid (Sulfoquinovosyl diacylglycerol) deficient
SQE,squalene epoxidase
SQN,Squint
SQS,Squalene Synthase
SR,Arginine/Serine Rich
SRB,Shoot and root branching
SRD,Shoot redifferentiation defective
SRE,Salt Resistant
SRF,SUB receptor family
SRFR,Suppressor of rps4-RLD
SRG,Senescence-Related Gene
SRH,Short root hairs
SRI,Suppressor of reduced systemic immunity1
SRIW,Suppressor of root initiation defective two
SRK,SnRK2-Type Protein Kinase
SRL,Short hypocotyl in red light
SRN,Sirene
SRO,Similar to RCD-One
SRP,Signal Recognition Particle
SRR,Sensitivity to red light reduced
SRRF,Suppressor of rrd4
SRT,SIR2 histone deacetylase
SRV,SUGAR RESPONSIVE
SRY,Surya
SS,Strictosidine Synthase
SSA,Super-sensitive to auxin
SSADH,Suucinic-Semialdehyde Dehyrogenase
SSCD,short-day sensitive cell death
SSD,Suppressor of Syntaxin-related Death
SSE,Shrunken seed
SSF,Sequence Similar to Ftn2
SSI,Suppressor of salicyclic acid insensitive
SSL,Supressor of solitary root
SSM,Short stem and midrib
SSN,Suppressor of sni1
SSP,short suspensor
SSQ,Seed Size QTL
SSR,Small subunit ribosomal protein
SSS,Sucrose super sensitive
SST,Stomatal signal transduction
SSTIG,Sunken Stigma
STA,Stachel
STAB,Stabilized
STARIK,Starik
STAX,Stable executor
STAY,Stamenstay
STB,Stubby
STC,salt-tolerant callus
STCL,STIC2-like
STD,Stud
STE,Ovule defective
STF,Starch free
STI,Stichel
STIC,Suppressor of tic40
STIP,STIMPY
STIPL,Spliceosomal TImekeePer Locus
STK,Seed stick
STL,Steele this plant
STM,Shoot meristemless
STM,Serine transhydroxymethylase
STO,Salt Tolerance
STP,Stunted plant
STP,Monosaccharide H+ Symporter
STPL,STIMPY-LIKE
STR,Stunted root
STRS,Stress Response Suppressor
STS,Short stamen
STT,staurosporin and temperature sensitive
STU,Stumpy
STV,Short Valve
STY,Stylish
SU,Suppressor of CHL4
SUA,suppressor of abi3-5
SUB,Strubbelig
SUB,Short under blue light
SUC,Sucrose-H+ Symporter
SUC,Sucrose transporter
SUD,Suppression of ubiquitin ubR48-induced cell death
SUF,Suppressor of fruitful
SUG,suppressed greening of calli
SUH,Super hydrotropic
SUL,Sulfurata
SULTR,Sulfate transporter
SUMM,Suppressor of mkk1 mkk2
SUMO,Small Ubiquitin-Like Modifier
SUN,Sucrose uncoupled
SUP,Superman
SUPER,Suppressor of erecta
SUR,Super root
SUS,Abnormal suspensor
SUSA,SUPPRESSOR OF SAUL1
SUT,Sucrose Transporter
SUV,Sensitive to UV
SUZ,Suppressor of zwichel trichomes
SVB,SMALLER TRICHOME WITH VARIABLE BRANCHES
SVI,Suppressor of cprV nprI
SVN,Spontaneous vessel necrosis
SVP,Short vegetative phase
SWA,Second whorl AG repressor
SWE,sweetie
SWEET,Sugars will be eventually exported transporter
SWI,Switch
SWN,SWINGER
SWP,Struwwelpeter
SXC,SUPPRESSOR OF XopAC
SYD,Splayed
SYL,Scylla
SYM,Symplekin
SYN,Meiotic synaptic defective
SYP,Syntaxin-Related Protein
SZK,Suzaku
SZL,Suppressor of zeaxanthin-less
TAA,Tryptophan Aminotransferase of Arabidopsis
TAAC,thylakoid ATP/ADP carrier
TAD,tRNA Adenosine Deaminase
TADA,tRNA Arginine Adenosine Deaminase
TAE,Taeniata
TAF,TATA Binding Protein Associated Factor
TAG,Triacylglycerol biosynthesis defect
TAL,Tail
TAM,Tardy Meiosis
TAN,TANMEI
TAO,Target of AvrB Operation
TAR,Tryptophan Aminotrasferase Related
TARA,Tarantula
TASTY,Tasty
TATC,Twin-Arginine Translocation C
TAX,Trichome anthocyanin expansion
TBA,TESTA ABUNDANT
TBL,TRICHOME BIREFRINGENCE-like
TBP,TATA Binding Protein
TBP,Telomeric DNA Binding Protein
TBR,Trichome birefringence
TBT,Tablut
TCH,Touch
TCI,Slender peaked petal
TCMT,The Cat in the Hat Mitochondrial Mutant
TCO,TACO LEAF
TCOR,TRYPTOPHAN CONJUGATE RESPONSE
TCU,Transcurvata
TD,Threonine Deaminase
TDF,Typical Dwarf
TDL,Trichome Density Locus
TDM,Meiosis defective
TDN,TARDN
TDP,TolB-related Defense Protein
TDR,Transcriptional regulator of Defense Response
TDS,Tannin deficient seed
TDT,Trident
TDX,Thioredoxin Like
TEA,Transcribed Early in Auxin response
TEB,TEBICHI
TEC,TARGETS UNDER ETT CONTROL
TED,Suppressor of DET
TEJ,Long free-running circadian period
TEK,Transposable Elements Killer
TERT,Telomerase Reverse Transcriptase
TES,Tetraspore
TET,tetraspanin
TEX,TCH Expression
TFA,Things fall apart
TFC,Tubulin Folding Cofactor
TFIIB,Transcription Factor II B
TFL,Terminal flower
TGA,Transcription Factor
TGD,Trigalactosyldiacylglycerol
TGG,Thioglucoside Glucohydrolase
TGH,Tough
TH,Thiamine requiring
THA,THreonine Aldolase
THAD,Thalian-diol desaturase
THAH,Thalianol hydroxylase
THAS,thalianol synthase
THD,Thunderhead
THH,TOM three homolog
THI,Thionin
THP,Thin petals
THS,THESAN
TIB,Tire-bouchon
TIC,Circadian timing defective
TIC,Translocon at inner membrane of chloroplasts
TIL,Tilted
TIM,Translocase of the Inner Membrane
TIN,Tinman
TIO,Two-in-one
TIP,Tip growth defective
TIR,Transport inhibitor response
TIS,Auxin transport inhibitor hypersensitive
TKPR,TETRAKETIDE -PYRONE REDUCTASE
TLA,THALNA
TLM,Timing of leaf movements
TLP,TUBBY-Like Protein
TLS,Tetralocular Silique
TLZ,Tlazolteotl
TMD,Timid
TMK,Transmembrane Kinase
TMKL,Transmembrane Kinase Like
TMM,Too many mouths
TMP,Transmembrane Protein
TMR,transcript binding motif repeat
TMS,THERMOSENSITIVE MALE STERILE 1
TMT,Tocopherol methyltransferase
TNP,Turnip
TNR,tanorexia
TNY,Tiny
TOAD,Toadstool
TOC,Timing of CAB1
TOC,Translocon at outer membrane of chloroplasts
TOE,Target of EAT
TOL,Altered tolerance to black rot
TOLS,TARGET OF LBD SIXTEEN (LBD16)
TOM,Tobamovirus multiplication
TON,Tonneau
TOP,Tower of Pisa
TOP,Topoisomerase
TOR,Tortifolia
TOR,Target of rapamycin
TOS,Constitutive response to osmotic stress
TOT,Trio targets
TOTH,tols two hypersensitive
TOTI,tols two insensitive
TOZ,Tormoz
TPC,Two Pore Calcium Channel
TPD,Tapetum determinant
TPF,TRIPLE PHD FINGERS
TPL,Topless
TPP,Trehalose-6-Phosphate Phosphatase
TPR,Topless related
TPS,Trehalose-6-phosphate synthase
TPS,Transit peptide suppressor
TPS,Terpene Synthase
TPST,Tyrosylprotein sulfotransferase
TPT,Triose phosphate / phosphate translocator
TRE,Trehalase
TRG,Thermoinhibition registant germination
TRH,Tiny root hair
TRI,Tobacco rattle virus induced
TRIPP,TRAPP-Interacting Plant Protein
TRL,Troll
TRM,TON1 recruiting motif
TRN,Tornado
TRP,Tryptophan auxotroph
TRPT,2' tRNA Phosphotransferase
TRR,TRehalose Resistant
TRX,Trithorax-Like
TRX,Thioredoxin
TRY,Triptychon
TSA,Tryptophan Synthase Alpha Chain
TSB,Tryptophan Synthase Beta-Subunit
TSD,Tumorous shoot development
TSF,Twin sister of FT
TSK,Tonsoku
TSL,Tousled
TSN,"Tudor-SN
TSO,Tso
TSS,TPR-domain Supressor of STIMPY
TSY,THREONINE SYNTHASE 2
TT,Transparent testa
TTA,TITANIA
TTG,"Transparent testa
TTH,Tra1/TRRAP Homolog
TTL,Transthyretin-like
TTM,Tom two mutation modifier 1
TTN,Titan
TTR,Tolerance to tobacco ringspot virus
TUA,Alpha Tubulin
TUB,Beta Tubulin
TUF,Tuff; cytokinesis defective
TUG,Tumorous growth
TUN,TURAN
TUP,Tumor prone
TVA,TRANVIA
TWD,Twisted dwarf
TWN,Twin embryos
TWS,Twisted seed
TWT,TWISTED
TXR,Thaxtomin resistant
TYA,Tistrya
TYRDC,L-tyrosine decarboxylase
TZ,Thiazole requiring
U2BL,U2B-LIKE
UAFT,UDP-Arabinofuranose Transporter
UAH,ureidoglycolate amidohydrolase
UAPT,UDP-Apiose Transporter
UBC,Ubiquitin Carrier Protein
UBN,Ubinuclein
UBP,Ubiquitin-Specific Protease
UBQ,Ubiquitin Extension Protein
UCN,Unicorn
UCP,Uncoupling Protein
UCU,Ultracurvata
UDS,Underdeveloped shoot
UFO,Unusual floral organs
UGLYAH,ureidoglycine aminohydrolase
UGNT,UDP-N-Acetylglucosamine Transporter
UGT,UDP-Glucose:Glucosyltransferase
ULA,Hula
ULI,UV light hypersensitive
ULT,Ultrapetala
ULV,Ultravascularis
UMA,Umami
UMAMIT,Usually multiple acids move in and out Transporters
UMB,Umbel
UMK,uridine monophosphate kinase
UNE,Unfertilized embryo sac mutants
UNG,UNGUD
UNS,Unusual sugar response; late flowering
UPL,Ubiquitin-Protein Ligase
UPM,Urophorphyrin Methylase
UPS,Ureide Permase
UPS,Underinducer pathogen and stress
UPT,uracil phosphoribosyl transferase
URG,Up-regulated in growing shoots
URH,uridine ribohydrolase
URM,UNARMED
URO,Upright rosette
UTA,Untransformable Root by Agrobacterium
UTC,Up the creek
UUAT,UDP Uronic Acid Transporter
UVH,Ultraviolet hypersensitive
UVI,UV-B Insensitive
UVR,UV repair defective
UVS,Ultraviolet light hypersensitive
UXS,UDP-Xylose Synthase
UZI,Unzipped
VAD,Vascular Associated Death
VAH,Vascular Hyperplasia
VAL,Valine resistant
VALRS,Valyl tRNA Synthetase
VAM,Variable meristem
VAN,Vascular Network Defective
VAN,Vaamana
VAR,Variegated
VAS,Vascular size
VAT,valine tolerant
VBF,VIP1-binding F-box
VCC,Vasculature Complexity and Connectivity
VCCN,voltage-dependent Chloride channel
VCH,Vertically challenged
VCL,Vacuoless (Formerly MAN); Embryo defective
VCS,Varicose
VDD,VERDANDI
VDE,Vascular defective
VEF,VEF family
VEI,VEIVE
VEL,VERNALIZATION5/VIN3-LIKE
VEN,Venosa
VEP,Vein patterning
VEX,Vegetative Cell Expressed
VFB,VIER F-BOX PROTEINE
VGD,Vanguard
VH,Vascular Highway
VHE,Van Helsing
VHI,Vascular highway
VHS,Verticillium hypersensitive
VI,Viridis
VICI,Virus-induced corymb-like inflorescence
VID,Virus induced dwarf
VIH,VIP1-HOMOLOG
VIM,Variant In Methylation
VIP,Vernalization independence
VIP,VirE2-Interacting
VIR,Virescent
VIT,Vacuolar Iron Transporter
VLF,Very Low Fluence
VLG,Vacuoleless Gametophytes
VLN,Villin-Like
VNI,VND-INTERACTING
VPE,Vacuolar Processing Enzyme
VPL,Vascular prepattern-like
VPP,Vascular prepattern
VPS,Vacuolar Protein Sorting
VR,Virescens
VRC,Verrucosa
VRN,Reduced vernalization response
VSM,Viral systemic movement
VSP,Vegetative Storage Protein
VST,VAMP-associated suppressor of TMM
VTC,Vitamin C (ascorbate) defective
VTE,Vitamin E Deficient
VTI,vesicle transport V-snare
WAD,WANDERING ROOT
WAG,WAG
WAK,Wall Associated Kinase
WAP,WPP-domain associated protein
WAR,wax restorer
WARP,WARM ACUTE RESPONSE OF PRR7
WAT,Walls are Thin
WAV,Wavy roots
WAVE,WASP family Verprolin-homologous protein
WAX,Wax defective in leaves
WCO,White cotyledons
WDA,WALKER-TYPE DEFENSE ASSOCIATED AAA-ATPASE
WDD,WD40-DOMAIN
WDY,Woody
WEB,Weberknecht
WEE,Homolog Yeast WEE1
WEEP,WEEP
WEI,Weak ethylene insensitive
WEK,WECKER
WEL,Weak Ethylene insensitive Like
WEN,Wendell
WER,Werewolf
WEX,Confidential
WFL,WALLFLOWER
WFLR,WALLFLOWER-RELATED
WHG,Warthog
WHO,Wuschel-Like Homeodomain Overexpressing
WHS,WALL HYDROLISIS SENSITIVE
WHY,Whirly
WIG,Wiggum
WIN,HopW1 Interacting Protein
WIP,WPP-domain Interacting Protein
WIT,WPP domain-interacting TA protein
WIZ,WINZLING
WKR,WECKER
WLC,"Wavy leaves
WLG,Wawalag
WLIM,WLIM
WMD,Weapons of Mass Destruction
WNK,WNK Family Protein Kinase
WOL,Wooden leg
WOP,WithOut a paddle
WOW,Wonderwoman
WPP,WPP Domain Protein
WRG,Warg
WRI,Wrinkled seed
WRKY,WRKY Class of DNA Binding Proteins
WRM,Wurm
WUS,Wuschel
WVC,Root defective
WVD,Altered root waves on tilted agar
WVS,Wavy sepal
WXR,WEAK AUXIN RESPONSE
WYR,wyrd
WZL,Wurzellos
XAV,Xantha variegation
XCL,Extra cyclin levels
XCO,XICOTET
XCP,Xylem Cysteine Peptidase
XCT,XAP5 Circadian Timekeeper
XEN,Xenobiotic disposition locus
XGD,Xylogalacturonan Deficient
XGT,XYLOGLUCAN GALACTOSYLTRANSFERASE
XIP,xylem intermixed with phloem
XLG,Extra Large G-Protein
XLR,extra-large G protein related
XPB,XPB/RAD25
XPL,Xipotl
XPS,Xanthine/Uracil Permease Sensing
XPT,Xul-5-P/phosphate Translocator
XRCC,RAD51-Like
XRI,X-Ray Induced Transcript
XRN,Exoribonuclease
XRS,Hypersensitive to X-irradiation
XS,Extra-Small Sisters
XSP,Xylem Serine Peptidase
XSR,Xylan Synthesis-Related
XTC,Extra cotyledon
XTG,Extinguisher
XTH,Xyloglucan endo-transglucosylase / hydrolase
XTR,Xyloglucan Endotransglycosylase Related
XUT,Xyloglucan galactosyluronic acid transferase
XV,Xantha-viridis
XXT,Xyloglucan Xylosyltransferase
XYL,Xylosidase
XYN,Xylanase
XYP,Xylogen protein
YAB,Yabby
YAK,yeast YAK1-related gene
YAR,yarilo
YAZ,yet another zinc finger
YDA,Yoda
YDK,Yadokari
YDK,Yadokari
YEL,Yellow
YI,Yellow inflorescence
YOR,Yosemite resistance
YOZ,Yozhik
YRE,Yore-yore
YSV,You're so vein
YUC,Yucca
YVE,Yellow veins
ZAB,Zaphod Beeblebrox
ZAL,Zaltys
ZAP,Zinc-Dependent Activator Protein
ZAR,HopZ Activated Resistance
ZAT,Zinc Transporter of Arabidopsis thaliana
ZDP,ZINC 4 FINGER DNA 3'-PHOSPHOESTERASE
ZDS,Zeta-Carotene Desaturase
ZEF,ZERRAUFT
ZEN,Zen
ZET,ZERZAUST
ZEU,ZEUS
ZFD,Zinc Finger domain containing protein required for Disease defence
ZFP,Zinc Finger Protein
ZIF,ZINC INDUCED FACILITATOR
ZIFL,ZINC INDUCED FACILITATOR-like
ZIG,Zig zag stem
ZIP,zig suppressor
ZIP,"ZRT
ZIX,ZAK IXIK
ZLL,Zwille
ZPA,ZIPNA
ZPL,zeppelin
ZPR,LITTLE ZIPPER
ZPY,Zippy
ZTL,Zeitlupe
ZTS,bzr1-1D T-DNA-tagged suppressor
ZUND,Zund
ZWG,ZWERGERL
ZWI,Zwichel
ZWK,bzr1-1D without kink
ZYP,ZYP
sORF,small open reading frame
