AAA	Activated Ac activity	P
AAC	ADP/ATP Carrier 1	G
AACT	Anthocyanin-5-aromatic acyl transferase-like protein	G
AAF	ARF associated F-box protein	G
AAH	ALLANTOATE AMIDOHYDROLASE	G
AAO	Aldehyde oxidase	G
AAP	Amino Acid Permease	G
AAPT	Amino Alcohol Phosphotransferase	G
AAR	Allyl alcohol resistant	P
AARL	AAR3-Like	G
AAT	Aspartate aminotransferase	G
AATL	Amino Acid Transporter-Like	G
AATP	AAA-ATPases	G
ABA	ABA deficient	P
ABAPT	ABHD17 (Alpha/Beta Hydrolase Domain-containing Protein 17)-like Acyl Protein Thioesterase	G
ABC	Aberrant chloroplasts	P
ABC	ABC Transporter	G
ABF	ABRE binding factor	G
ABH	ABA hypersensitive	P
ABI	ABA insensitive	P
ABL	Abnormal leaf	P
ABO	ABA overly-sensitive	P
ABP	Auxin binding protein	G
ABR	Activation tagged brassinazole resistant	P
ABR	Abruptus	P
ABS	Abnormal, aborted seeds	P
ACA	Autoinhibited Calcium ATPase	G
ACA	Azetidine-2-carboxylic acid resistant	P
ACBP	Acyl-CoA Binding Protein	G
ACC	Acetyl-CoA Carboxylase	G
ACD	Accelerated cell death	P
ACE	Adhesion of calyx edges	P
ACEX	Altered CBF2 Expression	P
ACF	Suppressor of FCA	P
ACG	Altered cold-responsive gene expression	P
ACHT	Atypical Cysteine Histidine-rich Thioredoxins	G
ACI	Altered Chloroplast Import	P
ACINUS	ACINUS	G
ACL	Acaulis	P
ACLA	ATP-Citrate Lyase Subunit A	G
ACLB	ATP-Citrate Lyase Subunit B	G
ACN	Acetate non-utilizing	P
ACO	ACC Oxidase	G
ACOS	Acyl CoA synthetase	G
ACP	Acyl Carrier Protein	G
ACR	Arabidopsis homolog of Maize Crinkly4	G
ACS	Acy-CoA Synthetase	G
ACS	1-Aminocyclopropane-1-Carboxylate Synthase	G
ACT	Chloroplast glycerol-3-phosphate-acyltransferase	G
ACT	Actin	G
ACW	Altered cell wall	P
ACX	Acyl-CoA Oxidase	G
ADA	Andarta	P
ADA	Homolog of Yeast ADA2	G
ADC	Arginine Decarboxylase	G
ADD	Arrested development	P
ADE	ABA Deregulated Gene Expression	G
ADF	Actin Depolymerizing Factor	G
ADG	ADP glucose pyrophosphorylase	G
ADH	Alcohol dehydrogenase	G
ADK	Adenosine Kinase	G
ADL	Arabidopsis dynamin like	G
ADN	Adnormal	P
ADO	Adagio	P
ADP	ARABIDOPSIS DEFENSE PROTEIN	G
ADR	Activated disease resistance	P
ADS	Arabidopsis Delta 9 Desaturase	G
ADTO	Abietane diterpene oxidase	G
AEL	Activation tagged enhancer of hypocotyl length	P
AEP	asparaginyl endopeptidase	G
AES	Abnormal early stomata	P
AESP	Separase	P
AFB	Auxin signaling F-box protein	G
AFC	Arabidopsis FUS3 (Yeast) Complementing	G
AFL	At14a-Like	G
AFO	Abnormal floral organs	P
AFP	ABI Five Binding Protein	G
AFP	Antifreeze Protein	G
AFR	ATTENUATED FAR RED RESPONSE	P
AFS	avrRps4-susceptible	P
AFT	Arabidopsis Fourteen-Three-Three	G
AG	Agamous	P
AGA	Agamous activated	G
AGB	Arabidopsis G-Protein beta subunit	G
AGD	Aberrant growth and death	P
AGE	Auxin-responsive gene expression	P
AGG	Arabidopsis G-Protein Gamma Subunit	G
AGI	Aberrant GST1 induction	P
AGK	Arabidopsis Guanylate Kinase	G
AGL	Agamous like	G
AGM	Abnormal Gametophytes	P
AGO	Argonaute	P
AGP	Arabinogalactan protein	G
AGR	Agravitropic	P
AGS	ahg2 suppressor	P
AGT	Alanine Glyoxylate Aminotransferase	G
AHA	Arabidopsis plasma membrane H+-ATPase	G
AHASS	Acetohydroxyacid Synthase, small subunit	G
AHB	Arabidopsis Hemoglobin	G
AHD	Airhead	P
AHG	ABA hypersensitive germination	P
AHL	Arabidopsis HAL2-Like	G
AHM	Arabidopsis heavy metal transporters	G
AHP	Arabidopsis Histidine-Containing Phosphotransmitter	G
AHS	ACC hypersensitive	P
AIA	ABA-inducible AAA ATPase	G
AIF	ATBS-Interacting Factor	G
AIG	avrRpt2-Induced Gene	G
AIL	AINTEGUMENTA-like	G
AIM	Abnormal inflorescence meristem	P
AIN	ACC Insensitive	P
AIN	Ethylene insensitive	P
AIP	Altered inflorescence phyllotaxy	P
AIRF	aim1 revertant fertility	P
AIRL	aim1 revertant leaves	P
AIS	apis	P
AITR	ABA-induced transcription repressors	G
AIW	ABA-INDUCED WD40-repeat	G
AJH	Arabidopsis Jun Kinase Activator	G
AJX	AJAX	P
AKH	Acheron	G
AKR	Ankyrin Repeat-Containing	G
AKT	Arabidopsis potassium transport	G
AKV	Antikevorkian	P
ALA	Alanyl tRNA synthetase	G
ALAAT	Alanine Aminotransferase	G
ALAC	ALARM CLOCK	P
ALB	Albina	P
ALBI	ALBERICH	P
ALC	Alcatraz	P
ALD	AGD2-like defense response	G
ALDH	Aldehyde Dehydrogenase	G
ALE	Abnormal leaf shape	P
ALF	Aberrant lateral root formation	P
ALH	ACC-Related Long Hypocotyl	P
ALI	Alien	P
ALIS	ALA Interacting Subunit	G
ALK	astlik	P
ALLTW	All Twisted	P
ALNS	allantoin synthase	G
ALR	Aluminum resistant	P
ALS	Aluminum sensitive	P
ALT	Aluminum tolerant	P
ALX	Altered high light expression	P
AMB	Aberrant meristem behavior	P
AMK	adenosine monophosphate kinase	G
AML	Arabidopsis Minute-like	P
AMN	amon	P
AMO	Altered microtubule organization	P
AMP	Altered meristem program	P
AMPL	AMP1 LIKE	P
AMS	Aborted microspores	P
AMSH	ASSOCIATED MOLECULE OF THE SH3 DOMAIN OF STAM	G
AMT	a-methyl tryptophan resistant	P
AMT	Ammonium Transport	G
AMY	Alph-Amylase-Like	G
AN	Angustifolia	P
ANA	Anat	P
ANG	Angusta	P
ANL	Anthocyaninless	P
ANP	Arabidopsis NPK1-Related Protein Kinase	G
ANT	Aintegumenta	P
ANU	Angulata	P
ANY	Anisotropy	P
AOAT	Alanine:2-Oxoglutarate Aminotransferase	G
AOC	Allene Oxide Cyclase	G
AOE	Axis of evil	P
AOP	Alkenyl hydroxypropyl glucosinolate	G
AOS	Allene oxide synthase	G
AOX	Alternative Oxidase	G
AP	Apetala	P
APA	Apetala 1 activated	G
APD	AP2 domain containing protein required for Disease defence	G
APE	Acclimation of photosynthesis to environment	P
APF	Altered Pre-branch site Formation	P
APG	Albino and pale green	P
APG	Autophagy defective	P
API	Apiculata	P
APIH	AT-hook domain Protein interacts with HDA6	G
APK	APS Kinase	G
APL	ADP Glucose Pyrophosphorylase Large Subunit	G
APL	Altered phloem development	P
APM	Aminopeptidase	G
APMU	Adaptor Protien Complex Mu Subunit	G
APO	Accumulation of photosystem one	P
APP	Arabidopsis Poly(ADP-Ribose) Polymerase	G
APP	P-Type Aminopeptidase	G
APPR	Arabidopsis pentatricopeptide repeat	G
APR	5' Adenylylphosphosulfate Reductase	G
APRR	Arabidopsis Pseudo-Response Regulator	G
APS	Aberrant pollen sac	P
APS	ADP Glucose Pyrophosphorylase Small Subunit	G
APS	ATP Sulfurylase	G
APSE	ARAPASE	G
APT	Adenine phosphoribosyl transferase	G
APU	Aschenputtel	P
APUM	Arabidopsis Pumilio	G
APX	Ascorbate Peroxidase	G
APY	Apyrase	G
AQI	aquaporin interactor	G
AQP	Aquaporin	G
AR	Arabidopsis P450 Reductase	G
ARA	Arabinose sensitive	P
ARA	Arabidopsis Rab Protein	G
ARAD	Arabinan Deficient	P
ARB	Altered Response to Brassinosteroids	G
ARC	Accumulation, replication chloroplast	P
ARD	Ardhagarva	P
AREB	ABA-Responsive Element Binding Protein	G
ARF	ADP Ribosylation Factor	G
ARF	Auxin Response Factor	G
ARG	Altered response to gravity	P
ARGAH	ARGINASE	G
ARH	Altered root hydrotropism	P
ARI	Arida	P
ARI	Homolog of Drosophila ARIADNE	G
ARID	ARID	G
ARIX	AMPLIRADIX	P
ARK	Arabidopsis Receptor Kinase	G
ARM	anion altered root morphology	P
ARP	Actin Related Protein	G
ARP	Apurinic Endonuclease Redox Protein	G
ARP	Altered RNase profile	P
ARR	Arabidopsis Response Regulator	G
ARS	Arabidopsis ribosomal protein S	G
ART	Aerial rosette	P
ARTEMIS	Arabidopsis thaliana envelope membrane integrase	G
ARU	ARTUMES	P
ARX	Altered reaction to Xanthomonas	P
AS	Asymmetric leaves	P
ASA	Attenuated shade avoidance	P
ASA	Anthranilate Synthase Alpha Subunit	G
ASB	Anthranilate Synthase Beta Subunit	G
ASB	Asymmetric trichome branch	P
ASC	Altered susceptibility to cyst nematode	P
ASF	Altered suspensor fate	P
ASG	Altered Seed Germination	P
ASH	Ashtoreth	P
ASIL	Arabidopsis 6b-interacting protein 1-like	G
ASK	Arabidopsis Skp1-like	G
ASP	Activation suppressor of ppi1	P
ASP	Aspartate Aminotransferase	G
ASPGA	Asparaginase A	G
ASPGB	Asparaginase B	G
ASR	Altered Sulfur Response	P
AST	Anthocyanin spotted testa	P
ASY	Asynaptic	P
ATA	Arabidopsis tapetum	G
ATAD	ATPase family AAA Domain-containing protein	G
ATBI	Arabidopsis Bax Inhibitor	G
ATBS	Activation-Tagged BRI1 Suppressor	P
ATC	Arabidopsis thaliana Centroradialis	G
ATD	Amidophosphoribosyl transferase	G
ATEM	Arabidopsis thaliana Early Methionine-Labelled	G
ATFC	Arabidopsis thaliana Ferrochelatase	G
ATG	AUTOPHAGY	P
ATGH	Arabidopsis thaliana Homolog of Soybean GH3	G
ATH	Arabidopsis thaliana Homebox	G
ATHB	Arabidopsis thaliana Homeobox	G
ATI	ATG8-interacting protein	G
ATK	Arabidopsis thaliana kinesin	G
ATKC	Arabidopsis thaliana K+ Rectifying Channel	G
ATKT	Arabidopsis thaliana Potassium Transporter	G
ATM	Homolog of Human ATM	G
ATM	Arabidopsis thaliana Myosin	G
ATML	Arabidopsis thaliana Meristem Layer	G
ATN	Actin	G
ATO	Atropus	P
ATOR	Arabidopsis thaliana ORANGE	G
ATPT	Arabidopsis thaliana Phosphate Transporter	G
ATR	Altered tryptophan regulation	P
ATRR	Arabidopsis thaliana Response Regulator	G
ATS	Aberrant testa shape	P
ATSR	Arabidopsis thaliana SNF1-Related	G
ATSR	Arabidopsis thaliana Signal Responsive	G
ATST	Arabidopsis thaliana Hydroxyjasmonate Sulfotransferase	G
ATT	Aberrant induction of type-three	P
ATX	Arabidopsis Trithorax Homolog	G
AUG	augmin	G
AUN	ATUNIS	P
AUR	Aurora kinase homologs	G
AUX	Auxin-resistant	P
AVA	Arabidopsis Vacuolar H+ Pumping ATPase	G
AVB	Amphivasal vascular bundle	P
AVP	Arabidopsis Vacuolar H+ Pyrophosphatase	G
AVPL	Arabidopsis Vacuolar-Pyrophosphatase Like	G
AWE	Ain't Woman Enough	P
AWN	All Dressed Up and Nowhere to Go	P
AXE	Auxin gene expression	G
AXR	Auxin-resistant	P
AXY	altered xyloglucan	P
AYA	Asase ya	P
AZA	5-azacytidine resistant	P
AZD	5'-aza-2' deoxycytidine resistant	P
AZF	Arabidopsis Zinc-Finger	G
AtPHB	prohibitin	G
BAD	Basal deletion	P
BADC	biotin attachment domain containing	G
BAG	Blassig	P
BAI	BABA insensitive	P
BAK	BRI associated receptor kinase	G
BAL	Ball	P
BAM	Big apical meristem	P
BAN	Banyuls	P
BAP	BON association protein	G
BARS	baruol synthase	G
BAS	PHYB activation tagged suppressor	P
BASL	Breaking of Asymmetry in the Stomatal Lineage	P
BB	big brother	P
BBA	BZR-related beta amylase	G
BBB	Reserved	P
BBL	Bombadil	P
BBLB	BUBBLE BATH	P
BBM	Baby boom	P
BBP	BIN2-Binding Protein	G
BBX	B-BOX	G
BCCP	Biotin Carboxyl Carrier Protein	G
BCF	Bicentifolia	P
BDG	Bodyguard	P
BDH	BCL-DOMAIN HOMOLOG	G
BDL	Bodenlos	P
BDM	Barely disastrous miscegenation	P
BDS	Botrytis decreased susceptibility	P
BDT	BAH domain-containing transcriptional regulator	G
BDY	Buddy	P
BEL	Bell-shaped ovules	P
BEN	bri1 enhanced	P
BER	Bicyclic ether resistant	P
BES	Brassinosteroid Suppressor of bri1	P
BFA	BIOGENESIS FACTOR REQUIRED FOR ATP SYNTHASE	G
BFL	Bountiful	P
BFN	Bifunctional Nuclease	G
BFR	Bird feather	P
BG	Beta-1,3-Glucanase	G
BGA	Borgia	P
BGL	Bagel	P
BGL	Beta Glucosidase	G
BGLU	Beta-Glucosidase	G
BGT	Big top	P
BGY	BIGYIN	P
BIBET	Brighter IS Better	P
BIC	Blue-light Inhibitor of Cryptochromes	G
BICAT	BIVALENT CATION TRANSPORTER	G
BIF	Bifid Stigma	P
BIG	Bigbag	P
BIG	Large TIR3/DOC1 gene	G
BIJ	BIJ	P
BIL	BRZ-insensitive-long hypocotyl	P
BIM	BMAA Insensitive Morphology	P
BIN	Brassinosteroid insensitive	P
BIO	Biotin auxotroph	P
BIR	BAK1-interacting Receptor Kinase	G
BIS	BIN2 SUBSTRATE	G
BKK	BAK1-Like	P
BKN	BRASSIKIN	G
BLA	Black Widow	P
BLB	Blueberry	P
BLI	Blister	P
BLO	Bloated	P
BLP	BCCP-Like Protein	G
BLT	BRANCHLESS TRICHOME	P
BMT	Big mitochondria mutant	P
BMU	Button mushroom	P
BNEN	phyB-9 enhancer	P
BNQ	BANQUO	P
BNS	Bonsai	P
BOB	Bobber	P
BOD	Both gametophytes defective	P
BOI	Botrytis susceptible 1 (BOS1) Interactor	G
BOL	BOLITA	P
BON	Bonzai	P
BOP	Blade on petiole	P
BOR	Requires high [boron]	P
BOS	Botrytis susceptible	P
BOT	Botero	P
BOU	A bout de souffle	P
BOX	B-Oxidation; IBA resistant	P
BP	Brevipedicellus	P
BPC	BASIC PENTACYSTEINE	G
BPE	BIGPETAL	P
BPL	BURSTING POLLEN-Like	G
BPS	Bypass	P
BPY	Bumpy meristem: disorganized SAM	P
BRA	Bractea	P
BRAVO	BRASSINOSTEROIDS AT VASCULAR AND ORGANIZING CENTER	G
BRC	Big root cap	P
BRD	Bromodomain protein	G
BRE	Botrytis resistance	P
BRH	Brassinosteroid-Responsive RING H2	G
BRI	Brassinosteroid insensitive	P
BRIZ	BRAP2-RING-Znf-UBP	G
BRK	Homolog of maize BRICK1	G
BRL	BRI1-like	G
BRM	Homolog of Drosophila Brahma	G
BRN	Bearskin	P
BRO	Bromodeoxyuridine-Resistant Organogenesis	P
BRON	BRONTOSAURUS	G
BRP	Broad resistance to Peronospora parasitica	P
BRS	Brassinosteroid insensitive suppressor	P
BRT	Bright trichomes	P
BRU	Brushy	P
BRX	Brevis radix	P
BRXL	BRX-LIKE	G
BRY	berry	G
BSF	petB/petD Stabilizing Factor	G
BSH	Bushy plants	P
BSK	brassinosteroid signaling kinase	G
BSL	BSU-like	G
BST	Bristled	P
BSU	Bri1 Suppressor	P
BTI	VirB2 Interacting	G
BTR	Binding to ToMV RNA	G
BTSL	BTS LIKE	G
BTU	Bottoms up	P
BUB	bulb	P
BUD	Bulkhead	P
BUK	Buckel	P
BUL	Butterhead lettuce leaf	P
BUP	Bursting pollen	P
BUS	Bushy	P
BXL	Beta Xylosidase	G
BYS	BOY NAMED SUE	P
BZF	BZR1 interacting factor	G
BZIP	BZip Protein	G
BZR	Brassinazole resistant	P
CA	Caespitosa	P
CA	Carbonic Anhydrase	G
CAB	Chlorophyll A/B Binding	G
CABIN	Calcineurin-binding protein	G
CAC	Chloroplast Acetyl-CoA Carboxylase	G
CAD	Cadmium sensitive	P
CAF	Carpel factory	P
CAI	Carbohydrate insensitive	P
CAK	CDK Activating Kinase	G
CAL	Calmodulin-Like	G
CAL	Cauliflower	P
CALS	Callose Synthase	G
CAM	Carbohydrate accumulation mutants	P
CAM	Calmodulin	G
CAMS	Camelliol C synthase	G
CAN	Cytokinin antagonist insensitive	P
CAO	Chaos	P
CAP	Capulet	P
CAP	Cyclase Associated Protein	G
CAR	CaMV resistant	P
CARD	Cannot Respond to DMBQ	P
CAS	Constitutive allene oxide synthase	P
CAT	Catalase	G
CAU	Caulis	P
CAX	Calcium Exchanger	G
CBB	Cabbage	P
CBF	C-Repeat/DRE Binding Factor	G
CBI	CAMBIUM ISLANDS	P
CBL	Cystathionine-Beta Lyase	G
CBL	Calcineurin B-Like	G
CBP	Calmodulin Binding Protein	G
CBP	Nuclear Cap-Binding Protein	G
CBP	CREB Binding Protein	G
CBR	Cytochrome b5 Reductase	G
CBSX	CBS domain containing protein	G
CCA	Circadian clock associated	P
CCB	Cap cajal body	P
CCDA	CYTOCHROME C DEFICIENT	G
CCE	Changed Calcium Elevation	P
CCH	Copper Chaperone	G
CCH	Conditional chlorina	P
CCL	CCR-like	G
CCP	Copper Chaperone of the Plastid	G
CCR	Carotenoid and chloroplast regulation	P
CCR	Cinnamoyl CoA Reductase	G
CCS	Copper Chaperone for Superoxide Dismutase	G
CCT	CTP:phosphorylcholine cytidylyltransferase	G
CCY	Cocytus	G
CDA	Cytidine Deaminase	G
CDAL	Cytidine Deaminase-Like	G
CDC	Cell Division Control	G
CDD	constitutive defence without defect in growth and development	P
CDK	Cyclin Dependent Kinase	G
CDO	Chardonnay	P
CDPK	Calcium Dependent Protein Kinase	G
CDR	Constitutive disease resistance	P
CDS	Constitutive disease susceptibility	P
CEL	Callus expression of RBCL	P
CEL	Cellulase	G
CEN	Centipede	P
CEP	Constitutive expression of PR-1	P
CER	Eceriferum	P
CES	Callus expression of RBCS	P
CESA	Cellulose Synthase Catalytic Subunit	G
CET	Constitutive expression of thionins	P
CEV	Constitutive expression of VSP1	P
CFIS	Cleavage Factor-I similar proteins	G
CFK	COP9 signalosome interacting F-box KELCH protein	G
CFL	COP1-interacting protein 4-like	G
CGA	Cytokinin Induced GATA	G
CGL	Complex glycan deficient	P
CGM	contains GDSL-motif	G
CGS	Cystathionine-Gamma-Synthase	G
CGT	Cytosolic 4-alpha-glucanotransferase	G
CH	Chlorina	P
CHA	Chablis	P
CHAL	CHALLAH	P
CHB	Chromatin remodeling complex subunit B	G
CHC	Chromatin remodeling complex subunit C	G
CHC	Chlorina-costata	P
CHF	Chromatin remodeling complex subunit F	G
CHIB	Basic Chitinase	G
CHIP	chipped	P
CHL	Chlorate resistant	P
CHLS	chlorophyll synthase	G
CHM	Chlorominuta	P
CHM	Chloroplast mutator	P
CHMP	CHARGED MULTIVESICULAR BODY PROTEIN/CHROMATIN MODIFYING PROTEIN	G
CHN	Charon	G
CHO	Champignon	P
CHOR	CHORUS	P
CHP	Chlorophyll mutant	P
CHR	Chromatin remodeling complex subunit R	G
CHS	Chalcone Synthase	G
CHS	Chilling sensitive	P
CHT	Chayote	P
CHY	CoA-ester hydrolase	G
CHYR	CHY zinc-finger and RING protein	G
CIA	Chloroplast import apparatus	G
CIAF	COMPLEX I ASSEMBLY FACTOR	G
CIB	CRY-interacting bHLH	G
CIF	Compact inflorescence	P
CIH	CIHUATEOTL	P
CII	Cellulose biosythesis inhibitor insensitive	P
CIK	CLAVATA3 INSENSITIVE RECEPTOR KINASE	G
CIL	CIA2-like	G
CIM	Constitutive immunity	P
CIN	Cytokinin insensitive	P
CIP	COP1-interacting protein	G
CIPK	CBL-interacting protein kinase	G
CIR	Constitutive induced resistance	P
CIS	Concanamycin insensitive	P
CIT	Suppressor of Tic	P
CITF	Cu-deficiency Induced Transcription Factor	G
CJD	Chloroplast J-like domain	G
CKA	Casein Kinase II, Alpha Chain	G
CKB	Casein Kinase II Beta Subuit	G
CKH	Cytokinin hypersensitive	P
CKI	Cytokinin independent	P
CKR	Cytokinin resistant	P
CKS	Catalytic Subunit of Cyclin-Dependent Kinase	G
CKX	Cytokinin Oxidase	G
CLA	Cloroplastos alterados	P
CLB	Chloroplast Biogenesis	P
CLC	Clathrin Light Chain	G
CLC	Chloride Channel	G
CLCA	Chloride channel	G
CLD	chlorophyll dephytylase	G
CLE	Clavata3 / ESR related	G
CLF	Curly leaf	P
CLG	Coiling	P
CLM	Clam	P
CLO	Clotho	P
CLP	Clp Protease	G
CLPS	Clp1p similarity	G
CLR	Cytokinin resistant, de-etiolated	P
CLSY	CLASSY	G
CLV	Clavata	P
CLY	Early flowering	P
CM	Chorismate Mutase	G
CML	Calmodulin-related	G
CMPG	Cys/Met/Pro/Gly Domain Protein	G
CMR	Chlorflurenol resistant	P
CMS	CGS1 mRNA stability	G
CMT	Chromomethylase	G
CMT	Cytosine methyltransferase	G
CN	Convoluta	P
CNA	CORONA	P
CNAT	Cyclic nucleotide-dependent Acyl-CoA thioesterase	G
CNC	CUNCTATOR	P
CNFU	Carboxyl-terminal domain of NifU	G
CNG	Cyclic nucleotide gated channel	G
CNGC	Cyclic Nucleotide Gated Channel	G
CNKP	Cyclic nucleotide-dependent kinase/phosphatase	G
CNX	Chlorate Resistant	G
CO	Constans	P
COA	Coatlique	P
COB	Cobra	P
COD	Conehead	P
COFU	CONFUSO	P
COG	Cogwheel in Light Signaling Pathway	P
COH	coronatine hypersensitive	P
COI	Coronatine insensitive	P
COL	Columella	G
COL	Constans-Like	G
CON	Connected	P
COP	Constitutive photomorphogenic	P
COR	Cold Regulated	G
COS	Corolla superia	P
COT	Cotyledon trichomes	P
COV	Continuous vascular ring	P
COW	Root hair defective	P
COX	Cytochrome C Oxidase	G
CP	Compacta	P
CP	Cupuliformis	P
CPA	capping protein alpha subunit	G
CPB	capping protein beta subunit	G
CPC	Caprice	P
CPD	Constitutive photomorphogenic dwarf	P
CPH	Cephalopod	P
CPI	Cycloeucalenol Cycloisomerase	G
CPK	Calmodulin domain protein kinase	G
CPL	C-Terminal Domain Phosphatase Like	G
CPL	Caprice-Like	P
CPN	Chaperonin	G
CPR	Constitutive expression of PR genes	P
CPS	Constitutive phosphatase secretion	P
CPSF	Cleavage and Polyadenylation Specificity Factor	G
CPT	Complex pattern thickening	P
CRANE	CRANE	P
CRC	Crabs claw	P
CRD	Chromodomain protein	G
CRE	Cytokinin response	P
CRF	Cytokinin Response Factor	G
CRG	CTR1-related Group	G
CRH	COEXPRESSED IN ROOT HAIRS	P
CRK	Crooked	P
CRL	Crumpled leaf	P
CRL	Curly	P
CRM	Corymbose inflorescence	P
CRN	Coryne	P
CRO	Compact rosette	P
CRP	Cryptic precocious	P
CRPK	cold-related protein kinase	G
CRT	Calreticulin	G
CRTISO	Carotenoid Isomerase	G
CRWN	CROWDED NUCLEI	P
CRY	Cryptochrome	G
CS	Pale	P
CSD	Copper/Zinc Superoxide Dismutase	G
CSE	CaMV P6 Suppressor - Ethylene Insensitive	P
CSI	Cesium resistant	P
CSL	Cellulose Synthase-Like	G
CSL	COP1-interacting protein 7-like	G
CSP	Cytosolic starch phosphorylase	G
CSR	Chlorsulfuron / imidazolinone resistant	P
CSS	cer seven suppressor	P
CST	CAST AWAY	P
CSY	citrate synthase	G
CTD	Circadian timing defective	P
CTF	Cohesion establishment factor	G
CTG	Cold temperature germinating	P
CTJ	COURS TOUJOURS	P
CTL	Chitinase-like	G
CTR	Constitutive triple response	P
CTS	Comatose	P
CTU	cytoplasmic thiouridylase	G
CU	Curvata	P
CUC	Cup-shaped cotyledon	P
CUD	Cudgel	P
CUL	Cullin	G
CUM	Cucumovirus multiplication	P
CUP	Copper sensitive	P
CUS	Copper Sensitive	P
CUT	Altered epicuticular wax accumulation	P
CUV	Clumsy Vein	P
CV	Chloroplast Vesiculation	G
CVL	COTYLEDON VASCULAR PATTERN2-Like	G
CVP	Cotyledon vascular pattern	P
CXIP	CAX-Interacting Protein	G
CYC	Cyclin	G
CYD	Cytokinesis defective	P
CYL	CYCLOPS	P
CYM	Cytokinin metabolism defective	P
CYN	Cyrano	P
CYP	Cytochrome P450	G
CYR	Cytokinin resistant	P
CYS	Cysteine Synthase	G
CYT	Cytokinesis defective	P
CZN	Cu/Zn superoxide dismutase	G
DAA	DUO1-activated ATPase	G
DAB	Delayed abscission	P
DAD	Defective in anther dehiscence	P
DAD	Defender against Apoptotic Death	G
DAE	DAEDALUS	P
DAF	DUO1-activated F-box protein	G
DAG	Dof affecting germination	P
DAI	Death by Auto-immunity	P
DAISY	DOCOSANOIC ACID SYNTHASE	G
DALL	DAD1-Like Lipase	G
DAM	Damballa	P
DAN	DUO1-activated nucleic acid binding protein	G
DAP	DEFENSE-ASSOCIATED PROTEASE	G
DAR	Distorted architecture	P
DAS	det2-activation-tagging-suppressor	P
DAU	DUO1-activated unknown protein	G
DAW	DUO1-activated WD40 protein	G
DAZ	DUO1-activated zinc finger	G
DBE	Debranching Enzyme	G
DBP	DNA-binding protein phosphatase	G
DCD	Deregulated cell death	P
DCE	deregulated CBF2 expression	P
DCF	deficient in cutin ferulate	G
DCL	Dicer-like	G
DCP	decapping	G
DCR	dwarf and constitutive disease resistance	P
DCT	Dicarboxylate transport defective	P
DDA	DOWN IN DARK AND AUXIN	G
DDC	deficiency in development of the chloroplast	P
DDL	Dawdle	P
DDM	Decreased DNA methylation	P
DDR	DC3::GUS down-regulated	P
DDS	DAWDLE SUPPRESSOR	P
DEA	Dentata	P
DEAL	DESIGUAL	P
DEC	Defective cytokinesis	P
DED	Deadhead	P
DEF	Peptide deformylase	G
DEG	Disturbed extension growth	P
DEI	Embryo, hypocotyl defects	P
DEL	Depressed expression of RBCL	P
DEN	Denticulata	P
DEP	DESPIERTO	P
DER	Deformed root hairs	P
DES	Depressed expression of RBCS	P
DET	De-etiolated	P
DEX	Defective in exine patterning	P
DFL	Dwarf in light	P
DFR	Dihydroflavonol Reductase	G
DFRL	Dihydroflavonol reductase like	G
DFT	Deflated Trichomes	P
DGD	Digalactosyl diacylglycerol deficient	P
DGE	Defence gene expressers	G
DGG	Degenerate gametophyte	P
DGT	Defective Gamete Transmission	P
DHDPS	Dihydrodipicolinate synthase	G
DHS	3-Deoxy-D-Arabino-Heptulosonate 7-Phosphate Synthase	G
DHT	Defective in heat tolerance	P
DHY	Dominant long hypocotyls	P
DIA	DIANA	G
DID	didilia	P
DIF	Determinate, Infertile	P
DIG	Drought-induced rhizogenesis	P
DIM	Diminutia	P
DIN	Dark Inducible	G
DIP	Disrupted	P
DIR	Defective in induced resistance	P
DIS	Distorted trichomes	P
DIV	Antirrhinum majus DIVARICATA (DIV) Like	G
DKM	Drink me	P
DKML	Drink me like	P
DLE	DWARF AND LESION FORMATION	P
DLG	Daeumling	P
DLK	D14-LIKE	G
DLL	Disease-like lesions	P
DLO	DMR6-like oxygenase	G
DLS	Delayed Leaf Senescence	P
DLT	Defective in Long-term acquired Thermotolerance	P
DM	Dangerous Mix	P
DMC	Homolog of yeast DMC1	G
DME	Demeter	P
DMI	Delayed Meristem Identity	P
DMR	Downy mildew resistant	P
DMS	Demeter suppressor	P
DN	Dentata	P
DND	Defense no death	P
DNE	DCP1-ASSOCIATED NYN ENDORIBONUCLEASE	G
DNF	Day neutral flowering	P
DNG	DNA Glycolylases	G
DNI	Decreased NLP-triggered Immunity	P
DOC	Dark over-expression of CAB	P
DOG	Delay of germination	P
DOGL	Delay of Germination1 like	G
DOH	daughter of hemera	G
DOM	Domino	P
DOQ	DETORQUEO	P
DOR	DC3::GUS overexpression in roots	P
DORN	Dornfinger	P
DOS	Death on systemic leaves	P
DOT	Defectively Organized Tributaries	P
DOV	Differential development of vascular associated cells	P
DPA	DPA Transcription Factor	G
DPB	DPB Transcription Factor	G
DPE	Disproportionating enzyme	G
DPF	Decreased Pre-branch site Formation	P
DPK	D6 PROTEIN KINASE	G
DPP	DISPROPORTIONATE	P
DPR	Drought and pathogen resistant	P
DPT	Developmental Phase Transition	P
DRA	Dracula	P
DREB	Dehydration Response Element B	G
DRG	developmentally regulated GTP binding protein	G
DRH	RNA Helicase DRH	G
DRIP	Arabidopsis DREB2A Interacting Protein	G
DRK	defense-related receptor kinase	G
DRL	Deformed roots and leaves	P
DRM	Domains rearranged methyltransferase	G
DRN	Dornroeschen	P
DRNL	DORNROSCHEN-LIKE	P
DRO	Drought tolerant	P
DRP	dynamin-related proteins	G
DRS	drought sensitive	P
DRT	DNA Damage Repair/Toleration	G
DRT	Disease resistant, abnormal trichomes	P
DRY	Drought hypersensitive	P
DSA	Defective in Systemic Defense Induced by Abietane Diterpenoid	P
DSL	Doctor Strangelove	P
DSO	DESPERADO	P
DSR	Dark green leaves, stunted roots	P
DST	Defective in DST-mediated mRNA degradation	P
DSY	Meiosis defective	P
DTA	Downstream Target of AGL15	G
DTH	Detach	P
DTR	Detour	P
DTS	DEFIANCE TO SHADE	G
DUO	Duo pollen	P
DUR	Urea Transporter	G
DUR	Defective UGE in Root	P
DVL	Devil	P
DVR	3' 8-divinyl protochlorophyllide a 8-vinyl reductase	G
DW	Dwarf	P
DWA	DWD (DDB1-binding WD40 protein) hypersensitive to ABA	P
DWF	Dwarf, auxin resistant	P
DWG	Dwarf gigantica	P
DXO	Decapping Exoribonuclease	G
DXR	1-Deoxy-D-Xylulose 5-Phosphate Reductoisomerase	G
DYA	Dyad	P
DYL	Dormancy-associated protein-like	G
DYW	DYW	G
EAD	Ethylene and auxin defects	P
EAF	Early flowering	P
EAL	Endodermal-amyloplast-less	P
EAP	Enhancer of AP1	P
EAR	Enhancer of aerial rosette	P
EARP	Extracellular ATP Regulated Protein	G
EAT	Early flowering activation tagged	P
EBA	Enhancers of sgt1b-3 auxin	P
EBE	ERF bud enhancer	G
EBF	EIN3-binding F-box protein	G
EBS	Early bolting short days	P
ECA	ER-Type Calcium-Transporting	G
ECH	ECHIDNA	P
ECL	Early curly leaf	P
ECO	Ectopic outgrowth	P
EDA	Embryo sac development arrest	P
EDD	Embryo defective development	P
EDE	Endosperm defective	P
EDF	Ethylene responsive DNA binding factor	G
EDI	Early daylength insensitive	P
EDL	EID1-Like	G
EDM	Enhanced downy mildew susceptibility	P
EDOB	EDR1 Binding Protein	G
EDOH	EDR1 Homologs	G
EDOS	EDR1 Suppressor	G
EDR	Enhanced disease resistance	P
EDS	Enhanced disease susceptibility	P
EDTB	EDR2 Binding Protein	G
EDTH	EDR2 Homolog Protein	G
EDTS	EDR2 Suppressor	G
EED	Enhancer of edr1	P
EEL	Enhanced EM expression during seed maturation	P
EEN	Enhancer of ethylene insensitivity	P
EEP	Early extra petals	P
EER	Enhanced ethylene response	P
EES	Enhancer of EIN6	P
EFE	Escape from exine	P
EFOP	EFR3 OF PLANTS	G
EFP	Emotionally fragile pollen	P
EFS	Early flowering in short days	P
EGL	Enhancer of glabra3	P
EGM	Enhanced shoot Growth under Mannitol stress	P
EGR	embryonic gene repression	G
EGS	Ectopic transgene silencing	P
EID	Increased sensitivity to light responses	P
EIF	Eukaryotic Translation Initation Factor	G
EIJ	EDS1-Interacting J Protein 1	G
EIL	Ethylene-Insensitive-Like	G
EIN	Ethylene insensitive	P
EIR	Ethylene insensitive root	P
EIS	Enhanced insect susceptibility	P
EKEKO	EKEKO	P
ELA	Enhanced linolenate accumulation	P
ELC	ELCH	P
ELD	Elongation defective	P
ELF	Early flowering	P
ELG	Elongated	P
ELI	Ectopic Lignification	P
ELK	Erecta-like	G
ELL	Extra long lifespan	P
ELM	Elongate mitochondria	P
ELO	Elongata	P
ELP	Ectopic lignin in pith	P
ELP	EGF Receptor-Like Protein	G
ELS	EARLY IN SHORT DAYS 4 (ESD4) LIKE SUMO PROTEASE	G
ELV	Elvish	P
EMB	Embryo defective	P
EMD	Embryo sac defective	P
EMF	Embryonic flower	P
EML	EMB-Like	G
EMOM	enhancer of mom1	P
EMS	Excess microsporocytes	P
EMU	ERECTA mRNA under-expressed	P
ENA	Arabidopsis thaliana Enhancer of AtNSI Activity	G
END	Enhanced de-etiolation	P
ENE	ENF ENHANCER	P
ENF	Enlarged FIL expression domain	P
ENL	Enhancer of lrx1	P
ENS	Ensalada	P
ENSP	Enhancer of SP1	P
ENU	Enhancer of ult1-2	P
ENY	ENHYDROUS	G
EOC	Enhancer of COOLAIR	P
EOL	Eto1-like	G
EOP	Epistasis overcomes paternal excess	P
EOR	Enhancer of rps2	P
EOS	ENHANCED OOMYCETE SUSCEPTIBLE	P
EPC	Ectopically parting cells	P
EPL	Enhancer of polycomb-like protein	P
EPO	Enhancer of POM1	P
EQT	early quit	G
ER	Erecta	P
ERA	Enhanced response to ABA	P
ERB	Enhanced resistance to bacterial pathogens	P
ERD	Early Responsive to Dehydration	G
ERF	Ethylene response factor 1	G
ERG	Erigere	P
ERH	Ectopic root hair	P
ERI	Eroonazole insensitive	P
ERL	Erecta-like	G
ERO	Erosa	P
ERR	Enhanced resistance to Ralstonia	P
ERS	Ethylene resistant	P
ERS	Ethylene Response Sensor	G
ERT	Early trichomes	P
ESA	Enhance sensitivity to avrRpm1	P
ESANT	ELM2-SANT domain-containing protein	G
ESC	Escarola	P
ESD	Early flowering in short days	P
ESE	Enhanced sensitivity to ethylene	P
ESF	ETHYLENE SIGNALING FACTOR	P
ESI	Elongated, stout internodes	P
ESK	Eskimo	P
ESL	EIN6-Like	G
ESM	Epithiospecifier modifier	P
ESS	EIN6 suppressor	P
ESSP	ectopic expression of seed storage proteins	P
ESV	Early starvation	P
ETA	Enhancer or tir1-1 auxin resistance	P
ETC	enhancer of triptychon and caprice	G
ETF	Electron Transfer Flavoprotein	G
ETFQO	Electron transfer flavoprotein-ubiquinone oxidoreductase	G
ETHE	Ethylmalonic Encephalopathy Protein	G
ETHYAN	Ethylene Yang Effect	P
ETHYIN	Ethylene Yin Effect	P
ETO	Ethylene overproducer	P
ETR	Ethylene response	P
ETS	Enhancer of Tsu-0 Suppressor	P
ETT	Ettin	P
EVAH	Enhancer of VAH	P
EVL	EVERSHED-Like	G
EVN	EVAN	P
EVR	EVERSHED	P
EXC	Extra cells	P
EXGT	Endo-Xyloglucan Transferase	G
EXI	Exigua	P
EXL	Extracellular lipase	G
EXLA	EXPANSIN-Like family A	G
EXLB	EXPANSIN-Like family B	G
EXO	Exordium	G
EXOV	exonuclease V	G
EXOVL	exonuclease V-like protein	G
EXP	Expansin	G
EXPA	EXPANSIN family A	G
EXPB	EXPANSIN family B	G
EXS	Extra Sporogenous Cell	P
EXT	Extensin	G
EYE	Embryo yellow	P
EZI	Enhancer of zippy	P
FAA	floral abscission associated gene	G
FAB	Fatty acid biosynthesis defective	P
FAC	Embryonic factor	P
FAD	Fatty acid desaturase	G
FAE	Fatty acid elongation defective	P
FAF	FANTASTIC FOUR	P
FAH	Ferulic acid 5-hydroxylase	G
FAN	FKBP Associated NAC	G
FAR	Far-red impaired response	P
FAS	Fasciated	P
FAT	FULL AS A TICK	P
FATB	Acyl Acyl Carrier Protein Thioesterase	G
FAX	Fewer axillary branches	P
FBI	Far-red and blue light insensitive	P
FBR	Fumonisin B1-Resistant	G
FCA	Late flowering	P
FCLY	Farnesylcysteine Lyase	G
FD	Late flowering	P
FDH	Fiddlehead	P
FDH	Formate Dehydrogenase	G
FDI	Factor differentiation instability	P
FDM	Factor of DNA methylation	G
FDR	Flowering time QTL in RI lines	P
FE	Late flowering	P
FED	Female gametophytic defective	P
FEI	Chinese word for fat	P
FEM	Gametophytic female sterile	P
FER	Ferritin	G
FER	Feronia	P
FES	FRIGIDA-ESSENTIAL	P
FEY	Forever young	P
FEZ	Fewer lateral root cap layers	P
FFC	fifty-four chloroplast homologue	P
FFO	Fused floral organs	P
FFT	Floral Flavonoid Transporter	G
FGL	Fingerleaf	P
FHA	Fork-head Associated	G
FHA	Late flowering	P
FHY	Long hypocotyl in FR light	P
FIB	Fibrillarin	G
FID	Findling	P
FIE	Fertilization independent endosperm	P
FIF	Flower in flower	P
FIL	Filamentous flower	P
FIM	Fimbrin-Like	G
FIN	Far-red insensitive	P
FINS	Fructose Insensitive	P
FIP	Fimbriatus petiolus	P
FIP	FKBP interacting protein	G
FIPS	FIP Similar proteins	G
FIR	5-Fluoroindole resistant	P
FIS	Fertilization independent seed	P
FIT	Ferrous-deficency Induced Transcripton Factor	G
FIZ	frizzy	P
FK	Fackel	P
FKD	Forked	P
FKF	Flavin-binding, Kelch repeat, F-box	G
FKP	Flaky pollen	P
FL	Folliculiformis	P
FLB	Floral abortive	P
FLC	Flowering locus C	P
FLDH	Farnesol Dehydrogenase	G
FLF	Late flowering	P
FLH	FLOWERING H	P
FLI	Farinelli	P
FLK	Flaky pollen	P
FLN	Fructokinase-like protein	G
FLO	Floral defective	P
FLOE	FLOE	G
FLP	Four lips	P
FLR	Filiforme	P
FLS	Flavonol Synthase	G
FLS	Flagellin signaling	P
FLU		P
FLX	FLc eXpressor	P
FLY	FLYING SAUCER	P
FMA	Forma	P
FMC	Late flowering	P
FMT	Friendly mitochondria mutant	P
FOB	F-box of BZR1	G
FOCL	FUSED OUTER CUTICULAR LEDGE	P
FOF	F-box Of Flowering	G
FOG	Flowering of ga1	P
FOLK	Farnesol Kinase	G
FON	Floral organ number	P
FOP	Folded petals	P
FOR	Resistant to fluoroorotic acid	P
FPA	Late flowering	P
FPF	Flowering promoting factor	P
FPG	Formamidopyrimidine-DNA Glycosylase	G
FPH	Flupoxam Hypersensitive	P
FPS	Farnesyl Diphosphate Synthase	G
FQR	Flavin Mononucleotide-Binding Quinone Reductase	G
FRA	Fragile fiber	P
FRB	Friable	P
FRC	Furca	P
FRD	Ferric reductase	G
FRF	FRS-RELATED FACTOR	G
FRG	FORGETTER	P
FRI	Frigida	P
FRL	Frill	P
FRM	FRUCTUS MAGNUS	P
FRO	ferric reductase/oxidase	G
FRO	Frostbite (Reduced Expression of COR Genes); Translucent Leaves	P
FRS	Freezing sensitive	P
FRT	freezing tolerant	P
FRU	fer-like regulator of iron uptake	G
FRY	Fiery	P
FS	Fass	P
FSD	Fe Superoxide Dismutase	G
FSG	Female sporogenesis, gametogenesis	P
FSL	FUSSEL	P
FSP	fwr suppressor	P
FST	FEHLSTART	G
FSU	FRI suppressor	P
FT	Flowering locus T	P
FTA	Farnesyltransferase Subunit	G
FTD	Flowering time defective	P
FTM	floral transition at the meristem	G
FTR	Fat root	P
FTS	Late flowering	P
FTSZ	Homolog of Bacterial Cytokinesis Z-Ring Protein	G
FUC	Alpha-L-Fucosidase	G
FUF	Fully fasciated	P
FUGU	Fugu	P
FUL	Fruitful (AGL8), Siliques fail to elongate	P
FUN	Fused cotyledon	P
FUP	Fructus parvus	P
FUR	FUdR resistant	P
FUS	Fusca	P
FUT	Fucosyltransferase	G
FVE	Late flowering	P
FWA	Late flowering	P
FWF	fruit without fertilization	P
FWR	Fewer Roots	P
FXG	Alpha-L-Fucosidase	G
FY	Late flowering	P
FYD	FY Destabilizing	P
FZR	FIZZY-RELATED	G
GA	GA requiring	P
GABR	GUARD CELL ABA RESPONSE	P
GABR	GUARD CELL ABA RESPONSE	P
GAD	Glutamate Decarboxylase	G
GAI	GA insensitive	P
GAL	Galactose Kinase	G
GALS	beta-1,4-galactan synthase	G
GALT	galactosyltransferase	G
GAN	gained ABA and Na response	P
GAP	Glyceraldehyde-3-Phosphate Dehydrogenase	G
GAR	GA responder	P
GAS	GAI suppressor	P
GAS	GA superresponder	P
GATE	Gate	P
GATL	GAUT-Like	G
GAUT	Galacturonosyltransferase	G
GBF	G-Box Binding Factor	G
GBL	Goblin	P
GBPL	GUANYLATE-BINDING PROTEIN-LIKE	G
GBS	granule-bound starch synthase	G
GCC	Glucosinolate content and composition	P
GCH	GTP Cyclohydrolase	G
GCN	Homolog of Yeast GCN	G
GCP	gamma tubulin complex protein	G
GCR	G-protein coupled receptor	G
GCT	Grand Central	P
GDG	GH3-LIKE DEFENSE GENE	P
GDH	Glutamate dehydrogenase	G
GDL	glutamine dumper-like	G
GDP	G-PATCH DOMAIN PROTEIN	G
GDU	Glutamine dumper	P
GDY	Good die young	P
GEK	Geko	P
GEM	Gemini	P
GER	GDP-4-Keto-6-Deoxy-D-Mannose 3,5-Epimerase-4-Reductase	G
GES	Geisselskorpion	P
GET	Guided-Entry of Tail-anchored Proteins	G
GEX	Gamete Expressed	G
GF	Female gametophytic factor	P
GFA	Gametophytic Factor	P
GFF	Gametophytic factor - female	P
GFM	Gametophytic factor - male	P
GFT	GDP Fucose Transporter	G
GGAT	glutamate:glyoxylate aminotransferases	G
GGB	Protein geranylgeranyltransferase type I beta-subunit	G
GGC	gamma-glutamyl cyclotransferase	G
GGCT	gamma-glutamyl cyclotransferase	G
GGL	Gargoyle	P
GGR	Geranylgeranyl reductase	G
GGT	gamma-glutamyl transpeptidase	G
GH	Gelbherzig	P
GI	Gigantea, late flowering	P
GIA	Growth insensitive to ABA	P
GIF	GRF-Interacting Factor	G
GIG	Gravity Induced Genes	G
GIK	GIANT KILLER	G
GIL	Gravitropic in light	P
GIM	Growth insensitive to mannitol	P
GIN	Glucose insensitive	P
GINT	GLUCOSAMINE INOSITOLPHOSPHORYLCERAMIDE TRANSFERASE	G
GIP	GCP3 interacting protein	G
GIR	growth inhibition relieved	P
GK	Gurke	P
GL	Glabra	P
GLA	Globular Arrest	P
GLC	Glauce	P
GLD	Glycine decarboxylase	G
GLDH	GLYCINE DECARBOXYLASE H-PROTEIN	G
GLDP	GLYCINE DECARBOXYLASE P-PROTEIN	G
GLDT	GLYCINE DECARBOXYLASE T-PROTEIN	G
GLF	Gandalf	P
GLK	Golden 2-Like	G
GLM	Gollum	P
GLO	Glabrous, chlorotic	P
GLP	Germin-Like Protein	G
GLR	Glutamate Receptor	G
GLS	Glutamate synthase	G
GLT	Glutamine-2-Oxoglutarate Aminotransferase	G
GLTP	glycolipid transfer protein	G
GLU	Glutamate Synthase	G
GLV	GOLVEN	P
GLX2	glyoxalate II	G
GLY	Glycerol-3-phosphate supply	P
GLYB	Glycine betaine activated	G
GLYK	Glycerate 3-kinase	G
GLYR	Glyoxylate reductase	G
GMB	Gumby	P
GMD	GDP-D-Mannose Dehydratase	G
GMI	gamma-irradiation and mitomycin C induced	G
GML	GERMILATE	P
GN	Gnom	P
GNC	GATA Nitrogen Carbon	P
GNS	Green npr1 seedling on salicylic acid medium	P
GOR	GORGON	P
GORK	Gated Outwardly-Rectifying K+ Channel	G
GOSAMT	Golgi S-Adenosyl Methione Transporter	G
GOU	GID1b-OE-upregulated protein	P
GOXL	Galactose oxidase-like	G
GPA	G-Protein alpha	G
GPB	Reserved symbol	P
GPL	GeBP-like protein	G
GPL	Gametophytic lethality	P
GPR	GAIN OF PHYTOPHTHORA RESISTANCE	P
GPS	GyPSi, GravitY Persistent Signal	P
GPX	Gapped Xylem	P
GPXL	Glutathione Peroxidase-Like	G
GR	Grisea	P
GRA	Grandifolia	P
GRD	GROUNDED	P
GRE	Glyphosate Responsive Element	P
GRF	Growth regulating factor	P
GRG	Gravity Regulated Gene	G
GRL	Gnarled	P
GRM	Gremlin	P
GRP	Glycine Rich Protein	G
GRS	Greening Response to Salt	P
GRV	Gravitropic, embryo defective	P
GSA	Glutamate Semialdehyde Aminomutase	G
GSDA	guanosine deaminase	G
GSH	Gamma-Glutamyl-Cysteine Synthetase	G
GSK	GSK3/Shaggy-Like Protein Kinase	G
GSL	Glucosinolate defective	P
GSL	Glucan Synthase-Like	G
GSM	Glucosinolate metabolism defective	P
GSO	GASSHO	G
GSR	Glutamine Sensing Regulatory	P
GSS	Glucose super sensitive	P
GST	Glutathione S-Transferase	G
GTA	Global transcription factor group A	G
GTB	Global transcription factor group B	G
GTC	Global transcription factor group C	G
GTE	Global transcription factor group E	G
GTF	Global transcription factor group F	G
GTM	Gamma tocopherol methyltransferase	G
GTR	GLASSY TRICHOME	P
GTY	green too early	P
GUD	GROWTH UNDER DROUGHT	P
GUL	GULLIVER	P
GUM	Germ unit malformed	P
GUN	Genomes uncoupled	P
GUP	Glutathione-S-transferase upregulated	P
GWAR	GW-like motif and RAWUL domain protein	G
GWD	glucan water dikinase	G
GWP	Gift wrapped pollen	P
HAB	Hypersensitive to ABA	P
HAC	Histone acetyltransferase Cbp class	G
HAE	HAESA	P
HAF	Histone acetyltransferase, TAFII250 class	G
HAG	Histone acetyltransferase, Gnat / myst superfamily	G
HAI	highly ABA-induced PP2C	G
HAL	Hallimasch	P
HAM	Halfman	P
HAN	Hanaba taranu	P
HAP	Hapless	P
HAP	CCAAT Binding Protein	G
HAR	Hyponastic aerial rosette	P
HAS	Handshake	P
HAT	Histone Acetyltransferase	G
HBA	High level beta amylase 1	P
HBI	homolog of BEE2 binding to IBH1	G
HBT	Hobbit	P
HCA	High cambial activity	P
HCAR	7-hydroxymethyl chlorophyll a reductase	G
HCC	Homologue of copper chaperone SCO	G
HCEF	High Cyclic Electron Flow mutants	P
HCF	High chlorophyll fluorescent	P
HCP	HDAC complex protein	G
HCR	High CO2 requiring	P
HCS	Holocarboxylase Synthetase	G
HCS	High CO2 sensitive	P
HCT	hydroxycinnamoyl-CoA shikimate/quinate hydroxycinnamoyltransferase	G
HD	Histone Deacetylase	G
HDA	Histone deacetylase rpd3/hda1 superfamily	G
HDD	Hadad	P
HDG	HOMEODOMAIN GLABROUS	G
HDH	Histidinol Dehydrogenase	G
HDN	Hypersensitive response despite nitric oxide synthase inhibitor	P
HDT	Histone deacetylase type two	G
HEB	HYPERSENSITIVE TO EXCESS BORON	P
HEC	Hecate	P
HED	HR regulator in EDS1 pathway	P
HEF	Homolog of EIN5	G
HEMA	Glutamyl tRNA Reductase	G
HEN	HUA enhancer	P
HER	Hypocotyl elongation repressed	P
HESO	HEN1 SUPPRESSOR1	G
HEX	Hexose analog resistant	P
HEXO	beta-N-acetylglucosaminidase	G
HFO	Histone H4	G
HFR	Long hypocotyl in far-red	P
HGL	heteroglycan glucosidase	G
HHL	HYPERSENSITIVE TO HIGH LIGHT	P
HIC	High carbon dioxide	P
HID	HIDDEN TREASURE	G
HIK	Hinkel	P
HIL	HEAT INDUCIBLE LIPASE	G
HIO	High oil (Altered seed content)	P
HIP	Hormone-independent proliferation	P
HIRA	Chromatin Remodeling Factor	G
HISN	Histidine Biosynthesis	G
HIT	Heat intolerant	P
HIZ	HAKAI-interacting zinc finger protein	G
HKT	Na+ K+ Co-Transporter	G
HLB	Hypersensitive to Latrunculin B	P
HLF	HALF FILLED	P
HLH	Hookless1 homolog	G
HLK	Hillock	P
HLL	Huellenlos	P
HLM	HR-Like Lesion Mimic	P
HLP	HUELLENLOS PARALOG	G
HLQ	Harlequin	P
HLR	Halted root	P
HLS	Hookless	P
HMA	Haumea	P
HMC	Hydroxymethyl chlorophyll accumulation	P
HMG	High Mobility Group	G
HMG	Hydroxy Methylglutaryl CoA Reductase	G
HML	hydroxymethylglutaryl-CoA lyase	G
HMR	HEMERA	P
HMS	HERMES	P
HO	Heme oxygenase	G
HOC	High Organogenic Capacity	P
HOF	Hoof	P
HOG	Altered transgene silencing	P
HOL	Harmless to ozone layer	P
HON	Histone H1	G
HOR	HIGH EXPRESSION OF ABIOTIC RESPONSIVE GENE	P
HOS	High response to osmotic stress	P
HOT	Sensitive to hot temperatures	P
HOT	Hosoba toge toge	P
HOU	Houdini	P
HPAT	Hydroxyproline O-arabinosyltransferase	G
HPE	HIGH PHOTOSYNTHETIC EFFICIENCY	P
HPH	Hyper-Phototropic Hypocotyl	P
HPH	Hyper-Phototropic Hypocotyl	P
HPL	Hydroperoxide Lyase	G
HPN	HYPERION	P
HPS	hopPsyA-susceptible	P
HPT	Hauptling	P
HPY	High ploidy	P
HRA	HORTA	P
HRB	Herblock	P
HRC	Hercules	P
HRG	Higher response to ABA at germination	P
HRL	HR-like lesions	P
HRS	Histidyl-tRNA Synthetase	G
HRT	Heartless	P
HRW	HYPERSENSITIVE TO RESTRICTED WATER SUPPLY	P
HSA	Heat Stress-Associated protein	G
HSE	Heart shaped embryo	P
HSF	Heat Shock Factor	G
HSI	High LUC activity in low sucrose	P
HSK	Homoserine Kinase	G
HSL	HAESA-Like	P
HSP	Hypersensitive signalling photoreceptor mutant	P
HSP	Heat Shock Protein	G
HSR	High sugar response	P
HST	Hasty	P
HTA	Histone H2A	G
HTB	Histone H2B	G
HTH	Hothead	P
HTR	Histone H3	G
HUA	Enhancer of ag-4	P
HUB	histone mono-ubiquitination	G
HUP	HXK1 unconventional partner	P
HVC	HAVOC	G
HVE	Hemivenata	P
HVT	Helicase vascular/tapetum	P
HWS	Hawaiian Skirt	P
HXA	Histone acetyltransferase complex component	G
HXC	Hypersensitivity to Xanthomonas campestris pv campestris	P
HXK	Hexokinase	G
HY	Elongated hypocotyl in light	P
HYA	Hyade	P
HYC	HYCCIN CONTAINING	G
HYD	Hydra	P
HYL	Hyponastic leaves	P
HYP	Hypoxic stress response	P
HYR	Hypostatin Resistance	P
HYS	Hypersenescence	P
HYV	High Vigour	P
IAA	Auxin Induced	G
IAD	Increased apical dominance	P
IAE	Increased Ac-excision	P
IAGLU	Indole Acetate Beta Glucosyltransferase	G
IAP	Important for the ARR Pathway	G
IAR	IAA-alanine resistant	P
IBC	Induced by cytokinin	G
IBH	ILI1-binding bHLH	G
IBM	increase in bonsai methylation	P
IBO	ibo	P
IBP	homolog of ILI1-binding protein	P
IBR	Indole-3-butyric acid response	P
IBS	Insensitive to BABA-induced sterility	P
ICA	Icarus	P
ICE	Inducer of CBF Expression	G
ICE	Insect chewing induced	G
ICK	Cyclin-Dependent Kinase Inhibitor	G
ICL	Isocitrate lyase	G
ICR	IAA conjugate resistant	P
ICU	Incurvata	P
ICX	Increased chalcone synthase expression	P
IDA	Inflorescence deficient in abscission	P
IDH	Isocitrate Dehydrogenase	G
IDL	IDA-LIKE	G
IDR	IDN2 RELATED	G
IDZ	INDETERMINATE1 (ID1) -like zinc finger protein	G
IEN	Insensitive to Exogenous NAD+	P
IFE	Increased FAD3 expression	P
IFL	Interfascicular fiberless	P
IGM	Indole Glucosinolate Modifier	G
IGMT	Indole Glucosinolate O-Methyltransferase	G
IHR	Irregular hypersensitive response	P
IKU	Haiku	P
ILI	Iliokama	P
ILR	IAA-leucine resistant	P
IM	Immutans	P
IMA	IRON MAN	G
IMP	Impotent	P
IMS	2-Isopropylmalate Synthase	G
IMT	IMMATURE TRICHOME	P
IND	Indehiscent	P
INDH	iron-sulfur protein required for NADH dehydrogenase	G
INDL	IND1-like	G
INF	Infertile with arf8	P
INK	INNERSIDE RLK	G
INL	INF1-like	G
INO	Inner, no outer	P
INO	Inositol	G
INP	INAPERTURATE POLLEN	P
INV	Involute leaf	P
IOR	IOREMPTE	P
IPF	Increased Pre-branch site Formation	P
IPP	Isopentenyl Diphosphate Isomerase	G
IPS	Induced under phosphate starvation stress	G
IQD	IQ-DOMAIN	G
IRA	Increased response to avrRpm1	P
IRB	Reversal of bri1	P
IRE	Incomplete root hair elongation	P
IRE	Increased organ regeneration	P
IRK	Inflorescence and root apices receptor-like kinase	G
IRN	Yellow-green	P
IRO	IRONIC	P
IRP	IRON-RESPONSIVE PROTEIN	G
IRS	Icarus	P
IRT	Iron transport	G
IRX	Irregular xylem	P
ISE	Increased size exclusion limit	P
ISI	Impaired sucrose induction	P
ISN	Increased SA accumulation in npr1	P
ISO	Isoginchaku	P
ISPD	Diphosphocytidyl Methyl Erythirito Synthase	G
ISR	Induced Systemic Resistance	G
ISTL	IST1-LIKE	G
ITB	IRREGULAR TRICHOME BRANCH	P
ITN	increased tolerance to NaCl	P
IV	Involuta	P
IVAD	Impaired Vasculature Development	P
IVD	Isovaleryl-CoA-Dehydrogenase	G
IVF	Involutifolia; Activation tagged curly leaf	P
IVR	Invasive root	P
IXI	Ixion	G
IXR	Isoxaben resistant	P
JAB	JAIBA	P
JAG	JAGGED	P
JAH	Jasmonate Hypersensitive	P
JAI	jasmonate insensitive	P
JAR	Jasmonate resistant	P
JAW	Serrated leaves	P
JAZ	JAsmonate-ZIM-domain proteins	G
JBA	Jabba	P
JDR	brig. gen. Jack D Ripper	P
JIE	Jasmonate-Insensitive1-Enhancer	P
JIN	Jasmonate insensitive	P
JKD	Jackdaw	P
JLO	Jaylo	P
JMT	Jasmonic Acid Carboxyl Methyltransferase	G
JOM	JUST-ONE-MORE	P
JOX	Jasmonate-induced oxygenase	G
JR	Jasmonic Acid Responsive	G
JRX	Jumbo rocks	P
JSN	Jason	P
JUB	JUNGBRUNNEN	G
JUM	Jumis	P
JUR	JUB1 Upstream Regulator	G
JUV	JUVENILE	P
KAB	Potassium Channel Beta Subunit	G
KAK	Kaktus	P
KAN	Kanadi	P
KANT	KANADI target	G
KAPP	Kinase Associated Protein Phosphatase	G
KAS	3-Ketoacyl-Acyl Carrier Protein Synthase	G
KAT	Voltage Gated Potassium Channel	G
KBR	KNOX-BINDING and REDUCING	G
KCO	Potassium channel outward rectifying	G
KCS	3-ketoacyl-CoA synthase 1	G
KE	Altered starch in leaves	P
KEG	Keep on going	P
KEK	KLITZEKLEIN	P
KEM	Khem	P
KES	KESKONEN	P
KEU	Keule	P
KHD	KH domain	G
KIM	Kimagure	P
KIP	Kinky pollen	P
KIPK	KCBP-Interacting Protein Kinase	G
KIS	Kiesel	P
KIT	Kinesin of thaliana	G
KJC	KONJAC	P
KJK	Kojak	P
KLK	Klunker	P
KLU	KLUH	P
KN	Knolle	P
KNAT	Knotted-Like Homebox	G
KNB	Knobhead	P
KNF	Knopf	P
KNIT	Knitted in Mitochondrial Genome	G
KNK	Kinky	P
KNO1	KNOTEN1	P
KNOX	Knotted 1-Like Homeobox	G
KNS	KAONASHI	P
KOB	Kobito	P
KOIN	KINASE ON THE INSIDE	G
KOK	kouke	G
KOM	Kompeito	P
KOR	Korrigan	P
KPL	KOKOPELLI	P
KRF	Korallenriff	P
KRP	KIP-Related Protein	G
KRS	KERBEROS	G
KSR	3-ketosphinganine Reductase	G
KTF	KOW domain-containing transcription factor	G
KTN	Katanin	G
KU	Homolog of yeast KU70 and KU80	G
KUA	KUODA	P
KUH	KUH	P
KUK	KURZ UND KLEIN	P
KUN	KUMONOSU	P
KUO	kupalo	P
KUP	Potassium Transporter	G
KWK	KAWAK	P
KYP	Kryptonite	P
LAB	Late bloomer	P
LACS	Long Chain Acyl CoA Synthetase	G
LAD	Late anther dehiscence	P
LAF	Long after far-red light	P
LAG	Late germinating	P
LAL	Laelli	P
LAMP	Like ALTERED MERISTEM PROGRAM	P
LAN	Lanceolate	P
LAO	Locus of AvrRpm1 operation	P
LAP	Less adherent pollen	P
LAR	Loss of avRpm1	P
LAS	Lateral suppressor	P
LAT	Laterne	P
LAZ	Lazarus	P
LBA	Low level beta amylase	P
LBD	LOB (Lateral organ boundaries) domain	G
LBO	LATERAL BRANCHING OXIDOREDUCTASE	P
LC	Lucida	P
LCA	Loss of C activity	P
LCD	Lower cell density	P
LCL	LHY/ CCA1-like	G
LCNP	Plastid Lipocalin	G
LCP	LCAS interacting Protein	G
LCR	Lacerata	P
LCS	Low Calcium Sensitive	P
LCT	Low CAB 140 transcript	P
LD	Luminidependens	P
LDA	Limit dextrinase	G
LDO	Loss of downy mildew resistant one	P
LDOX	Leucoanthocyanidin Dioxygenase	G
LDS	Loss of downy mildew resistant six	P
LE	Lepida	P
LEAK	Leaky Casparian Strip	P
LEC	Leafy cotyledon	P
LECRK	Lectin-Receptor Kinase	G
LED	Like EDE1	G
LEJ	LOSS OF THE TIMING OF ET AND JA BIOSYNTHESIS	P
LEL	LEPIDIUM LIKE	P
LEM	Leaf morphogenesis disrupted	P
LEN	Lesion initiation	P
LEP	Leafy petiole	P
LES	Disease lesion mimic	P
LESV	Like early starvation	G
LET	Lettuce	P
LFY	Leafy	P
LGL	Leunig-like	P
LGO	LOSS OF GIANT CELLS FROM ORGANS	P
LHC	Light-Harvesting Chlorophyll Binding	G
LHP	Like heterochromatin protein	G
LHT	Lysine/Histidine Specific Transporter	G
LHW	Lonesome highway	P
LHY	Late flowering	P
LIE	loss of intron enhancement	P
LIF	LCAS interacting Factor	G
LIG	Lignescens	P
LIN	Lateral foot initiation	P
LINC	Little Nuclei	P
LIP	Lipoic Acid Synthase	G
LIPC	LITTLE PRINCE	P
LIS	Lachesis	P
LIT	Lions tail	P
LKP	LOV Kelch Protein	G
LKR	Lysine Ketoglutarate Reductase	G
LKR	Lysine-Ketoglutarate Reductase/Saccharopine Dehydrogenase	G
LLG	Lorelei-Like Glycosylphosphatidylinositol-anchored protein	G
LMI	Late meristem identity	P
LNP	Lunapark	G
LOB	Lateral organ boundaries	G
LOC	Yellow green	P
LOE	LUC-Low-Expressor	P
LOF	Lateral organ fusion	P
LOG	Loss of GDU	P
LOH	LAG1 homologue	G
LOJ	Lateral organ junction	P
LOL	LSD one like	G
LOM	Lost meristems	P
LOO	low oil	P
LOP	Lopped	P
LOR	LOW EXPRESSION OF ABIOTIC RESPONSIVE GENE	P
LORE	LipoOligosaccharide-specific Reduced Elicitation	P
LOS	Low response to osmotic stress	P
LOT	Lower temperature	P
LOV	Locus orchestrating victorin effects	G
LOVE	LOVE GLOVE	G
LOX	Lipoxygenase	G
LPD	Lipoamide Dehydrogenase	G
LPE	LOW PHOTOSYNTHETIC EFFICIENCY	P
LPG	LOW PHOSPHATE GROWTH	P
LPH	Loophole	P
LPR	Low-Phosphate Response	P
LPT	Lilliput	P
LQY	Low Quantum Yield	P
LRA	Lost recognition of avrRpm1	P
LRB	Light Response BTB	G
LRD	Lesions resembling disease	P
LRE	Lorelei (Female gametophytic defective)	P
LRI	Lateral root indicator	P
LRN	LIFERING	G
LRP	Lateral Root Primordium	P
LRS	lateral root stimulator	P
LRX	Leucine-rich repeat extensin	G
LS	Light sensitive	P
LSD	Lesions simulating disease resistance	P
LSH	Light-dependent short hypocotyl	P
LSL	lacking strigolactone	P
LSN	Larson	P
LSO	LOSS OF SUSCEPTIBILITY TO OOMYCETES	P
LSOL	LSL (lacking strigolactone) 1 (one) - like	G
LSP	Loss of susceptibility to potyviruses	P
LSR	Light stress response	P
LSS	LANOSTEROL SYNTHASE	G
LSU	Response to low sulfur	G
LTD	Light to defense crosstalk	P
LTI	Low Temperature Induced	G
LTO	Lumen Thiol Oxido-reductase	G
LTP	Lipid Transfer Protein	G
LTPG	lipid transfer protein-gpi-anchored	G
LU	Lutescens	P
LUE	LUC-Super-Expressor	P
LUG	Leunig	P
LUH	Leunig homolog	G
LUL	LOG2-like ubiquitin ligase	G
LUP	lupeol synthase	G
LUT	Lutein deficient	P
LUX	LUX ARRHYTHMO	P
LWD	light regulated WD-repeat protein	G
LWR	Low water potential response	P
LY	Lycopodioformia	P
LZF	light regulated zinc finger protein	G
LZY	LAZY1-Like	G
MAA	Magatama	P
MAC	MOS4 Associated Complex protein	G
MAD	Male gametophytic defective	P
MAF	MADS Affecting Flowering	G
MAG	Maigo	P
MAH	midchain alkane hydroxylase	G
MAI	MANIC	P
MAIL	MAIN LIKE1	G
MAKR	MEMBRANE ASSOCIATED KINASE REGULATOR	G
MAL	Marbled leaves	P
MAM	Maman	P
MAM	Methyl thioalkylmalate synthase	G
MAN	Manganese Accumulator	G
MAP	Modifier of arf7 mutant phenotypes	P
MAPDA	N6-methyl AMP deaminase	G
MAR	Multiple Antibiotic Resistance	P
MAS	MORPHOLOGY OF argonaute1-52 SUPPRESSED	P
MAT	Defective seed coat and root	P
MATE	Multidrug And Toxin Extrusion	G
MAU	MALAMBRUNO	P
MAX	More axillary branches	P
MBD	Methyl binding domain protein	G
MBGT	MANNAN BETA-GALACTOSYLTRANSFERASE	G
MBP	Myrosinase-Binding Protein	G
MBR	med binding ring	G
MBRL	MBR-like	G
MCA	Mitochondrial Cytochrome Oxidase-Related AAA-ATPase	G
MCB	Multiubiquitin-Chain-Binding	G
MCC	Meiotic Chromosome Condensation	P
MCCB	3-Methlycrotonyl-CoA Carboxylase	G
MCD	Meiotic chromosome disruption	P
MCK	Meristematic Cytokinin Binding Protein	G
MCM	Minichromosome Maintenance	G
MCS	modified cell shape	P
MDH	Malate Dehydrogenase	G
MDI	Modifier of dmr6/dlo1 immunity	P
MDO	Meristem Disorganization	P
MDP	PLASMA MEMBRANE-ASSOCIATED DEFENSE PROTEIN	P
MEA	Medea	P
MED	Medusa	P
MEE	Maternal effect embryo arrest	P
MEF	Mitochondrial RNA Editing Factor	G
MEK	MAP KINASE/ ERK KINASE	G
MEL	MAB4/ENP-like	G
MEN	mum enhancer	P
MEO	Meidos	G
MER	Modifier of er	P
MET	DNA methyltransferase	G
MFO	Multifolia	P
MFP	Multifunctional Protein	G
MFS	MAJOR FACILITATOR SUPERFAMILY	G
MGD	Monogalactosyl diacylglycerol	P
MGL	Male gametophytic lethal	P
MGSA	Modified Gravitropic Set-point Angle	P
MHK	Protein Kinase	G
MHX	Magnesium/Proton Exchanger	G
MIC	Mickey	P
MIDA	misexpressed in dark	G
MIF	Modifier of inflorescence	P
MIG	Mannose insensitive germination	P
MIL	Mildew-induced lesions	P
MIM	MMS, irradiation, mitomycin C sensitive	P
MIN	Miniature	P
MINI	Miniseed	P
MINU	minuscule	P
MIS	Minichromosome instability 12 (MIS12)-like	G
MIT	Mitsuba	P
MIU	Milou	P
MK	Mevalonate Kinase	G
MKK	Map Kinase Kinase	G
MKO	MOOTS KOOM	P
MKP	MAP kinase phosphatase	G
MLC	MID-LIFE CRISIS	P
MLH	AtMLH1 knockout	G
MLS	Malate synthase	G
MMD	Microspore mother cell death	P
MMP	Matrix metalloproteinase	G
MMT	Motley mitochondrial mutant	P
MMZ	MMS Zwei Homologe	G
MNP	Monopole	P
MNS	mannosidase	G
MNU	Mitochondrial Nuclease	G
MOA	mosaic aneuploidy	P
MOB	Modifier of B function	P
MOC	Mother guard cell	P
MOD	Modifier of DWF1	P
MOD	Modifier of SIN1	P
MOD	Mosaic death	P
MOE	Margin of Error	P
MOG	Mollig	P
MOL	MORE LATERAL GROWTH	P
MOM	Maintenance of methylation	P
MON	Mongoose	P
MOP	MODULATOR OF PIN	P
MOR	Microtubule organization defective	P
MORF	Multiple-site Organellar RNA editing Factor	G
MOS	Modifier of snc	P
MOT	molybdate transporter	G
MP	Monopteros	P
MPA	meiosis prophaseI aminopeptidase	G
MPC	maternally-expressed PolyAbinding Protein C-terminal	G
MPH	Maintenance of Photosystem II Under High Light	P
MPK	MAP kinase	G
MPL	MYZUS PERSICAE-INDUCED LIPASE	G
MPR	Modulation of the pathogen response	P
MPS	Mired in Phosphate Starvation	P
MRBP	Mitochondrial RNA-binding protein	G
MRD	mto1 Response Down-regulated	G
MRE	Homolog of Yeast MRE 11	G
MRF1	MORN-MOTIF REPEAT PROTEIN REGULATING FLOWERING 1	G
MRH	Mutant Root Hair	P
MRI	MARIS	P
MRL	Marmel	P
MRM	Murmel	P
MRN	marneral synthase	G
MRO	marneral oxidase	G
MRP	Multidrug resistance-associated protein	G
MRP	ABC Transporter	G
MRRD	Mitochondrial retrograde regulation deficient	P
MRU	mto1 Response Up-regulated	G
MS	Male sterile	P
MSA	MARIPOSA	P
MSBP	membrane steroid binding protein	G
MSC	More and Smaller Cells	P
MSD	Manganese Superoxide Dismutase	G
MSD	Megasporogenesis defective	P
MSDF	Male Sterile Dwarf	P
MSG	Hypocotyl curvature defective	P
MSG	Massugu	P
MSH	MutS Homolog	G
MSH	Many shoots	P
MSRB	methionine sulfoxide reductase B	G
MST	Mercaptopyruvate Sulfurtransferase	G
MSU	Mum4 suppressor	P
MT	Metallothionein	G
MTA	MT-A70 like	G
MTE	Modifier of Tsu-0 Enhancer	P
MTH	mTERF HOMOLOG	G
MTHFR	Methylenetetrahydrofolate Reductase	G
MTM	Multimera, multiple vegetative meristems	P
MTO	Methionine over accumulation	P
MTR	Methyl tryptophan resistant	P
MUCI	Mucilage Expressed Gene	P
MUD	Male germ unit displaced	P
MUM	Mucilage modified seed mutant	P
MUN	Multinucleate	P
MUR	Murus	P
MUS	Mustaches	P
MUSE	Mutant snc1 enhancing	P
MUTE	MUTE	P
MVD	Marginal vein deleted	P
MW	Mowe	P
MYA	Myosin Activity	G
MYB	MYB gene	G
MYF	Memory of Flowers	P
	Nana	P
NAK	Protein Kinase NAK	G
NAKR	SODIUM POTASSIUM ROOT DEFECTIVE	G
NAN	Nantosuetta	P
NAP	Homolog of Rat NAP57	G
NAP	NAC-Like, Activated by AP3/PI	G
NAPP	NAP of plants	G
NAR	Gnarly	P
NATA	N-acetyltransferase activity	G
NBP	Nucleotide binding protein	G
NBR	nuclear brassinosteroid responsive	G
NCB	No cajal body	P
NCLPP	Nuclear Encoded Clp Protease	G
NCP	Nuclear Control of PEP activity	P
NCR	Nitrate constitutive response	P
NDA	Non-dehiscent anthers	P
NDC	NAD(P)H dehydrogenase C	G
NDF	NAD(P)H Dehydrogenase-Dependent cyclic electron Flow	P
NDH	NADH Dehydrogenase	G
NDP	Random Potato cDNA Clone	G
NDPK	Nucleoside Diphosphate Kinase	G
NDR	Non race-specific disease resistance	P
NEA	No ELIP2 Activation	P
NED	NHO1 expression induced by DC3000	P
NEL	Neuroleptic	P
NEMO	AN HEMO	P
NEMOL	AN HEMO LITTLE	G
NEMOS	AN HEMO SMALL	P
NEO	NEOPHYTE	G
NER	No Elimination of RPM1 by AvrRpt2	P
NERV	Nervous	P
NES	No ELIP2 Suppression	P
NEV	Nevershed	P
NF-YA	Nuclear Factor Y, Subunit A	G
NF-YC	Nuclear Factor Y, Subunit C	G
NFA	Nucleosome/chromatin assembly factor group A	G
NFB	Nucleosome/chromatin assembly factor group B	G
NFC	Nucleosome/chromatin assembly factor group C	G
NFD	Nucleosome/chromatin assembly factor group D	G
NFE	Nucleosome/chromatin assembly factor group E	G
NFF	Nucleosome assembly factor subunit F	G
NFS	NifS-Like	G
NFYB	Nuclear Factor Y, Subunit B	G
NFZ	Norflurazon tolerant	P
NGP	nucleolar GTP-binding protein	G
NHD	Potassium Hydrogen Antiporter Activity	G
NHL	NDR1/HIN1-Like	G
NHO	Non-host resistance to Pseudomonas bacteria	P
NHR	Non-hydrotropic response	P
NHX	Na+/H+ Exchanger	G
NIA	Nitrate reductase defective	G
NIB	Reversal of bin2	P
NIC	Nicotinamidase	G
NIGT	NITRATE-INDUCIBLE GARP-TYPE TRANSCRIPTIONAL REPRESSOR	G
NIH	Nuclear DEIH-Box Helicase	G
NII	Nitrite reductatse defective	G
NIM	Non-inducible immunity	P
NIN	Niner	G
NIS	Nitrate In-sensitive mutant	P
NIT	Nitrilase	G
NIT	Resistant to indole-3-acetonitrile	P
NJA	Nanaja	P
NKJ	Nekojita	P
NLA	nitrogen limitation adaptation	P
NLP	Nitrilase-Like Protein	G
NMA	"NIMNA (Sanskrit for '""sunken"" or ""low"")"	P
NMT	Network mitochondrial mutants	P
NNI	NPR1/NIM1 interacting	G
NOA	Nitric Oxide Associated	G
NOC	No cotyledons	P
NOH	Non hydrotropic	P
NOK	Noeck	P
NOL	NON-YELLOW COLORING1-Like	G
NON	Nitrate-reponsive gene Over-expressed without Nitrate	P
NOR	Nitric Oxide Regulation	G
NORA	Nora's Oomycete Resistant Arabidopsis	P
NOS	nitric oxide synthase	G
NOT	Loves-me-not	P
NOV	No Vein	P
NPCT	NA+ dependent phosphate co-transporter	G
NPG	No pollen germination	P
NPH	Non-phototropic hypocotyl	P
NPL	Non Phototropic Hypocotyl 1-Like	G
NPQ	Nonphotochemical quenching defective	P
NPR	Non-expression of PR genes	P
NQR	NADPH Quinone Oxidoreductase	G
NR	Nitrate Reductase	G
NRA	NAA-Resistant Agravitropic	P
NRB	No Response to BTH	P
NRC	Nuclear anarchy	P
NRD	NO RNA-DIRECTED TRANSCRIPTIONAL SILENCING	P
NRE	Nitrogen Responsive	P
NRF	Negative regulator of FT action	P
NRG	Nitrate regulatory defect	P
NRL	NPH3/RPT2-Like	G
NRP	Negative Regulator of PR genes	G
NRPA	Nuclear RNA Polymerase I	G
NRPB	Nuclear RNA polymerase II	G
NRPC	Nuclear RNA Polymerase III	G
NRPD	Nuclear RNA Polymerase IV	G
NRPE	Nuclear RNA Polymerase V	G
NRT	Nitrate transporter	G
NSE	NON-SMC ELEMENT	G
NSH	nucleoside hydrolase	G
NSI	NESSIE	P
NSL	necrotic spotted lesions	P
NSM	Insomniac	P
NSN	nucleostemin-like	G
NTA	NORTIA	P
NTF	Nuclear Transport Factor 2	G
NTH	endonuclease III homolog	G
NTL	Nitrate transporter like	G
NTR	Nitrate Transporter	G
NTT	No Transmitting Tract	P
NUA	NUCLEAR PORE ANCHOR	G
NUB	NUBBIN	P
NUC	Nuclear Cage	P
NUR	Nutrient responsive	G
NVL	NO VEIN-Like	G
NYC	NON-YELLOW COLORING	P
NZZ	Nozzle	P
OAK	OUTGROWTH-ASSOCIATED PROTEIN KINASE	G
OAS	O-Acetylserine (thiol) Lyase	G
OBE	OBERON	P
OBF	OCS-Element Binding Factor	G
OBI	Overexpressor of basic PR isoform	P
OBO	ORGAN BOUNDARY	G
OBP	OBF Binding Protein	G
OCP	Overexpressor of cationic peroxidase	P
OCT	Octante	P
ODB	Organellar DNA-binding protein	G
OEE	Oxygen Evolving Enhancer	G
OEX	Organellar Exonuclease	G
OFD	ORGAN FUSION DEFECTIVE	P
OGG	Homolog of Yeast OGG DNA Glycosylase	G
OGO	2-oxoglutarate (2OG) and Fe(II)-dependent oxygenase	G
OJI	Ozone Sensitive Jasmonate Semi-Insensitive	P
OLD	Onset of leaf death	P
OLI	OLIGOCELLULA	P
OLT	Old timer	P
OMO	Odd man out; male meiosis defective	P
OMR	L-O-methylthreonine resistant	P
OMT	O-methyltransferase	G
ONA	Ovule Number Associated	P
OND	Ondulata	P
ONE	ONEIRIC	G
ONS	Oxygen and nitric oxide sensor	G
OOK	Ookpik	P
OOP	Out of phase; altered circadian phase	P
OPE	Over-producer of ethylene	P
OPF	ONE PHD FINGER	G
OPI	okapi	P
OPL	OCTOPUS-Like	G
OPN	Open house	P
OPNR	OPENER	G
OPR	Oxophytodienoate reductase	G
OPS	OCTOPUS	G
OPT	Oligopeptide transporter	G
ORA	Octadecanoid-Responsive Arabidopsis AP2-ERF gene	G
ORB	Orbiculata	P
ORC	Orc	P
ORC	Origin Recognition Complex	G
ORE	Oresara	P
ORN	Ornata	P
ORS	ORESARA1 SISTER	G
ORTH	ORTHRUS	G
ORTHL	ORTHRUS-like	G
OSC	OXIDOSQUALENE CYCLASE	G
OSH	O-Acetyl-L-Serine High Accumulation	P
OSM	Osmotic sensitive mutant	P
OSS	overly salt sensitive	P
OST	Ostiole and open stomata	P
OSU	Oversensitive to sugar	P
OTC	Ornithine Transcarbamylase	G
OTLD	OTubain-Like Deubiquitinase	G
OTP	Organelle Transcript Processing	P
OVA	Ovule Abortion	P
OVM	Female sterile, ovule mutant	P
OWL	Orientation under very low fluences of light	P
OXP	OXOPROLINASE	G
OXR	OXidation Resistance	P
OXT	Oxidative stress tolerant	P
OZS	Ozone sensitive	P
PAA	P-Type ATPase in Arabidopsis	G
PAA	20S Proteasome Subunit	G
PAB	Phytochrome-actin binding protein	G
PAC	Pale cress	P
PAD	Phytoalexin deficient	P
PAE	20S Proteasome Subunit	G
PAG	20S Proteasome Subunit	G
PAGR	Pectic ArabinoGalactan Related	G
PAI	Phosphoribosylanthranilate Isomerase	G
PAKRP	Phragmoplast-Associated Kinesin-Related Protein	G
PAL	Phenylalanine Ammonia-Lyase	G
PALP	Palpigradi	P
PAN	Extra perianth organs	P
PAO	pheophorbide a oxygenase	G
PAP	Production of anthocyanin pigment	P
PAP	Phosphatidic Acid Phosphatase	G
PAPS	Poly(A) Polymerase Similar proteins	G
PAR	Phytochrome rApidly Regulated	G
PARC	Paralogs of ARC	G
PARCL	Phloem associated RNA Chaperone-like	G
PARL	PARALLEL	P
PAS	Pasticcino	P
PAT	Phytochrome A transduction	G
PATDP	Patatin-Domain Protein	G
PATL	patellin	G
PATLP	Patatin-like protein	G
PAU	Parthenocarpic	P
PAWD	Protein associated with Doa10	G
PAWH	Protein Associated with Hrd1	G
PAX	Partial suppressor of AXR3	P
PBA	Proteasome Beta Subunit	G
PBCP	photosystem two core phosphatase	G
PBG	Proteasome Beta Subunit	G
PBH	Paintbrush	P
PBN	phytochrome B nuclear body mutant	P
PBO	PEEK-A-BOO	P
PBR	Polar Bare	P
PBS	avrPphB susceptible	P
PCA	Propecia	P
PCB	Poly cajal body	P
PCD	Promotion of cell death	P
PCFS	Pcf11p similarity	G
PCK	phosphoenolpyruvate carboxykinase	G
PCK	Peacock	P
PCL	PHYTOCLOCK	P
PCLL	PHYTOCLOCK 1 LIKE	G
PCM	Pale leaves in culture	P
PCME	Prenylcysteine methylesterase gene	G
PCN	POPCORN	P
PCNA	Proliferating Cellular Nuclear Antigen	G
PCO	Phosphoglycolate phosphatase	G
PCP	PORCUPINE	P
PCR	PLANT CADMIUM RESISTANCE	P
PCS	Phytochelatin Synthase	G
PCS	Precocious	P
PCT	PLASTID COMATOSE-like TRANSPORTER	G
PDC	Pyruvate Decarboxylase	G
PDCB	Plasmodesmata callose-binding protein	G
PDD	Pollen Development Defective	P
PDE	Pigment-defective embryo	P
PDF	Protodermal factor	G
PDH	Proline Dehydrogenase	G
PDK	Pyruvate Dehydrogenase Kinase	G
PDL	PCD/DCoH-like protein	G
PDLP	Plasmodesmata-located protein	G
PDP	Polka dot pollen	P
PDR	Pleiotropic Drug Resistance	G
PDR	Phosphate deficiency response	P
PDS	Phytoene desaturase	G
PEC	Permeable cuticle	P
PECP	phosphoethanolamine/phosphocholine phosphatase	G
PECT	CTP:phosphorylethanolamine cytidylyltransferase	G
PED	Peroxisome defective	P
PEEL	PEELING WALLS	P
PEF	Phtochrome-Signaling Early Flowering	G
PEG	Pegasus	P
PEK	Phosphate insensitive end link	P
PEN		P
PENDUL	Pendulant Pods	P
PEO	Partner of ETHYLENE AND AUXIN DEFECTS1	P
PEP	Pepper	P
PEPCK	Phosphoenolpyruvate Carboxylase Kinase	G
PER	Perfect	P
PET	Petit	P
PET	Photosynthetic Electron Transfer	G
PEX	Peroxin	P
PFC	Paleface	P
PFG	Production of Flavonol Gycosides	P
PFI	Pfifferling	P
PFL	Pointed first leaves	P
PFN	Profilin	G
PFS	Pretty few seeds	P
PFU	PHO2 family ubiquitin conjugation enzyme	G
PGA	Primary growth angle	P
PGA	Plant Growth Activators	P
PGD	Pollen Germination Defective	P
PGI	Chloroplastic phosphoglucose isomerase	G
PGIP	Polygalacturonase Inhibiting Protein	G
PGK	Phosphoglycerate Kinase	G
PGLP	2-PHOSPHOGLYCOLATE PHOSPHATASE	G
PGM	Phosphoglucomutase	G
PGP	Plastidic phosphatidylglycerol-phosphate synthase	G
PGR	Proton gradient regulation	P
PGS	Phosphatidylglycerolphosphate Synthase	G
PGX	POLYGALACTURONASE INVOLVED IN EXPANSION	G
PHA	phylloquinone absence	P
PHB	Phabulosa	P
PHD	Pothead	P
PHE	Pheres	G
PHH	Photoreceptor/Photolyase Homolog	G
PHI	Phosphate-Induced	G
PHL	PHYTOCHROME-DEPENDENT LATE-FLOWERING	P
PHLO	PHLOEM HEAT-RESPONSE PROTEIN	P
PHO	Low inorganic phosphate	P
PHOT	Phototropin	G
PHR	Photolyase/Blue-Light Receptor	G
PHS	Propyzamide-hypersensitive	P
PHT	Phosphate Transporter	G
PHV	Phavoluta	P
PHX	Phoenix	P
PHY	Phytochrome	G
PI	Pistillata	P
PIA	PP2C Induced by AvrRPM1	G
PIAL	PIAS-like SUMO ligase	G
PIC	Pinocchio	P
PICC	PAMP induced coiled coil	G
PICL	PAMP induced coiled coil-like	G
PID	Pinoid	P
PIE	Photoperiod-insensitive enhancer of elf3-7	P
PIF	Phytochrome Interacting Factor	G
PIM	Plastid import machinery	G
PIN	Pin-formed	P
PININ	PININ	G
PINL	Pinformed Like	P
PINT	PIF DOWNSTREAM INTEGRATORS	G
PIP	Pippin	P
PIP	Plasma Membrane Intrinsic Protein	G
PIRK	Proton pump interacting receptor kinase	G
PIRL	Plant Intracellular Ras group-related LRR	G
PIROGI	PIROGI	P
PIRP	PIR of plants	G
PIS	Phosphatidylinositol Synthase	G
PIX	Pixie	P
PIXL	PHOTOTROPIN INTERACTING CROSS-LINKED	G
PK	Protein-Serine Kinase	G
PKL	Pickle	P
PKP	Plastidic pyruvate kinase beta1 Knock Out	G
PKS	Phytochrome kinase substrate	G
PKS	Protein Kinase	G
PKSA	Polyketide synthase A	P
PKSB	Polyketide synthase B	P
PKT	Peroxisomal 3-Ketoacyl-CoA Thiolase	G
PLAT	PLAT domain protein	G
PLC	Phospholipase C	G
PLC	Polychome	P
PLD	Phospholipase D	G
PLDD	Phospholipase D delta	G
PLE	Pleiade	P
PLF	Proliferous	P
PLIM	pollen-LIM	G
PLK	Polar Localized Kinase	G
PLN	Phlegethon	G
PLP	Pluripetala	P
PLS	Polaris	G
PLSP	Plastidic Signal Peptidase	G
PLT	Plethora	P
PLU	Pluto	P
PMD	Petal loss modifier	P
PMDH	peroxisomal NAD-malate dehydrogenase	G
PMES	Protein Phosphatase Methylesterase	G
PMG	Production of Methionine-derived glucosinolate	G
PMH	PUTATIVE MITOCHONDRIAL HELICASE	G
PMI	Plastid Movement Impaired	P
PMR	Powdery mildew resistant	P
PNB	Phytochrome Nuclear Body	G
PNC	peroxisomal adenine nucleotide carrier	G
PNH	Pinhead	P
PNK1	PLASTID NUCLEOSIDE KINASE 1	G
PNL	Pointed leaves	P
PNS	phytochrome B N-terminal domain signaling	G
PNT	Peanut	P
PNY	Pennywise	P
POC	Photo current mutants	P
POD	Pyrabactin overdoser	P
POF	Partners Of PAR Factors	G
POG	Promotion of germination	P
POGE	Pollen Germination	P
POK	Poky pollen tube	P
POL	Poltergeist	P
POLAR	polar localization during asymmetric division and re-distribution	G
POLH	Polymerase eta	G
POM	Pom-pom	P
POP	Pollen-pistil incompatibility	P
POR	Porcino	P
POR	Protochlorophyllide Oxidoreductase	G
PORB	Protochlorophyllide Oxidoreductase	G
POS	Picos	P
POW	Pollen wall mutant	P
POX	Proline Oxidase	G
PP2A	Protein Phosphatase	G
PPAL	protein prenyltransferase alpha-subunit-like	G
PPC	Phosphoenolpyruvate Carboxylase	G
PPD	PEAPOD	P
PPF	Powerpuff	P
PPH	Pheophytinase	G
PPI	Plastid protein import	G
PPI	Proton Pump Interactor	G
PPK	Photoregulatory Protein Kinase	G
PPP	PIN2 promoter binding protein	G
PPR	Peronospora parasitica resistant	P
PPRD	Polyprenol reductase	G
PPS	Pleiotropic Photo Signaling Mutant	P
PPSY	Precursor of PSY	G
PPT	Phosphate/phosphoenolpyruvate translocator	G
PQR	Paraquat resistant	P
PR	Pathogenesis-Related	G
PRA	Prairie	P
PRC	Procuste	P
PRCE	PSI-INTERACTING ROOT-CELL ENRICHED	G
PRE	Precocious	P
PRF	Profilin	G
PRH	PAPS Reducatase Homolog	G
PRHA	Pathogenesis Related Homeodomain	G
PRI	Priapus	P
PRK	Peter Parker	P
PRL	Prolifera	P
PRLK	plasmodesmata associated receptor-like kinases	G
PRN	Pirin	P
PRO	Proembryo	P
PRORS	PROLYL tRNA SYNTHETASE	G
PROS	Positive Regulator of SKD1	G
PRP	Phytochrome-related phosphatase	G
PRP	Proline-Rich Protein	G
PRPL	Plastid ribosomal protein L11	G
PRR	Pseudo response regulators	G
PRS	Pressed flower	P
PRT	Proteolysis	P
PRZ	Proporz	P
PSAE	psa E1	G
PSB	Photosystem II proteins	G
PSBO	PSII oxygen evolving complex	G
PSCP	Peroxisomal sterol carrier protein 2	G
PSD	Phosphatidylserine Decarboxylase	G
PSD	Paused	P
PSE	Photoperiod-sensitive suppressor of elf3	P
PSI	Phytochrome signalling	G
PSK	Phytosulfokine Precursor	G
PSP	Phosphoserine Phosphatase	G
PSR	Pseudomonas syringae resistance	P
PSR	Phosphate Starvation Response	G
PSRP	Plastid-Specific Ribosomal Protein	G
PSS	phosphatidylserine synthase	G
PST	Photoautotrophic salt tolerance	P
PSV	Pseudoverticillata	P
PT	Primordia timing	P
PTD	Parting dancers	P
PTF	psbD transcription factor	G
PTH	Phosphate Translocator Homologous	G
PTL	Petal loss	P
PTP	Protein Tyrosine Phosphatase	G
PTR	Peptide Transporter	G
PUB	Plant U-box protein	G
PUCHI	PUCHI	P
PUK	PUMPKIN	G
PUKI	pseudouridine kinase	G
PUL	PUPHLUNS	P
PUMY	pseudouridine monophosphate glycosylase	G
PUP	Phosphatase underproducers	P
PUT	polyamine uptake transporter	G
PUX	plant UBX-domain containing proteins	G
PWD	phosphoglucan, water dikinase	G
PWK	Patchwork	P
PWO	PWWP-domain interactor of Polycombs	G
PXA	Peroxisomal ABC transporter	G
PXD	PHOSPHOLIPASE C X-DOMAIN CONTAINING PROTEIN	G
PXG	Peroxygenase	G
PXN	Peroxisomal NAD carrier	G
PXY	Phloem intercalated with xylem	P
PY	Pyrimidine requiring	P
PYL	Pyrabactin reistance 1-Like	G
PYM	Polychome	P
QBL	Quibble	P
QKY	QUIRKY	G
QQS	Qua-quine starch	P
QQT	Quatre-quart	P
QRT	Quartet	P
QUA	Quasimodo	P
QWRF	QWRF domain containing	G
RAB	Responsive to ABA	G
RAC	Resistant to Albugo candida	P
RAD	DNA Repair-Recombination	G
RAD	Hypersensitive to gamma radiation	P
RADA	RadA-like	G
RADI	Antirrhinum majus RADIALIS (RAD) Like	G
RAG	Root Alternated Growth	P
RAH	responsive to acid hydrolysis	P
RAI	Rainbow	P
RALFL	RALF-Like	G
RAM	Reduced B-amylase	P
RAN	Responsive to antagonist	P
RANBP	RAN Binding Protein	G
RAO	Regulator of Alternative Oxidase	P
RAP	Rapunzel pollen	P
RAP	Related to AP2	G
RAR	Required for Mla resistance	P
RAT	Resistant to Agrobacterium transformation	P
RAX	Regulator of AXillary meristems	P
RB	Retinoblastoma Protein	G
RBA	Recognition of hopBA1	P
RBCS	RUBISCO Small Subunit	G
RBE	Rabbit ears	P
RBG	RNA-binding glycine-rich	G
RBL	REBELOTE	P
RBOH	Respiratory Burst Oxidase Homologues	G
RBP	RNA Binding Protein	G
RBPG	Resistance to Botrytis polygalacturonases	G
RBR	Retinoblastoma-Related	G
RBSK	ribokinase	G
RBX	RING H2 Protein	G
RBY	Ruby	P
RCA	Rubisco Activase	G
RCA	Regulation of carboxylase activation	P
RCB	Regulator for Chloroplast Biogenesis	G
RCCR	red chlorophyll catabolite reductase	G
RCD	Radical-induced cell death	P
RCE	RUB Conjugating Enzyme	G
RCF	Regulator of CBF gene expression	P
RCI	Rare Cold Inducible	G
RCK	Rock-n-rollers	P
RCN	Altered responses to NPA	P
RCT	Resistant to beet curly top virus	P
RCU	Recurvata	P
RCY	Resistant to CMV-Y	P
RD	Rotundata	P
RDA	REDUCED ANTHOCYANINS	P
RDO	Reduced dormancy	P
RDP	REDUCED POLLEN NUMBER	P
RDR	RNA-Dependent RNA Polymerase	G
RDRP	RNA-Dependent RNA Polymerase	G
RDS	Regulation of desaturases in seeds	P
RE	Reticulata	P
REA	RAP2.6 expression in shoot apex	P
REB	Root epidermal bulger	P
RECA	recA homolog	G
RECG	RecG-Like	G
RED	Red light elongated	P
REF	Reduced epidermal fluorescence	P
REK	Root elogation receptor kinase	P
REL	Root expression of RBCL	P
REM	Homolog of Brassica REM (Reproductive Meristem)	G
REM	Round embryo	P
REN	rar1-15 Enhancer	P
REP	Reduced phytochrome signaling	P
RER	RETICULATA-RELATED	G
RES	Root expression of RBCS	P
REV	Revolute leaf	P
REX	Relaxed expression of transgenes	P
RFC	Regulator of fatty acid composition	P
RFE	Regulator of HSF expression	G
RFI	Rastafari	P
RFO	Resistance to Fusarium oxysporum	P
RFR	REF4-related	G
RFS	RIN4 suppression	P
RGA	Repressor of GA1-3	P
RGC	RAB GTPase activator-like Chloroplast protein	G
RGD	Root growth defective	P
RGF	Root apical meristem growth factor	G
RGGAT	Rhamnogalacturonan-I Galacturonosyltransferase	G
RGI	RGF insensitive	P
RGL	RGA-like	G
RGLG	Ring ligase	G
RGM	Rapid germination	P
RGN	Chlorate resistant	P
RGP	Reversibly Glycosylated Polypeptide	G
RGR	Reduced root gravitropism	P
RGTA	Rab geranylgeranyltransferase alpha subunit	G
RGTB	Rab geranylgeranyltransferase beta subunit	G
RGXT	RhamnoGalacturonan specific XylosylTransferase	G
RHA	Rab Homolog	G
RHA	Root-handedness altered	P
RHD	Root hair defective	P
RHG	Root and hypocotyl gravitropism	P
RHL	Root hairless	P
RHON	RhoN domain containing protein	G
RIB	Resistant to indole butyric acid	P
RID	Root initiation defective	P
RIE	RING-finger protein for embryogenesis	G
RIF	Resistant to Inhibition with Fosmidomycin	P
RIK	RAR1 interacting kinase	G
RIMA	RPAP2 IYO Mate	G
RIN	RPM1 interactor	G
RIP	Resistance increased to Plutella	P
RIS	RIN4 suppression	P
RITA	RNA inhibited through AGO	G
RITF	RSA interacting transcription factor	G
RKF	Receptor-Like Kinase in Flowers	G
RLF	Reduced lateral root formation	P
RLK	Receptor-Like Kinase	G
RLM	Resistance to Leptosphaeria maculans	P
RLP	Revertant for leafy petiole	P
RLR	Reduced lateral root	P
RLS	Root light sensitive	P
RLSB	RbcL mRNA S1 binding domain protein	G
RML	Root meristemless	P
RMT	Resistant to methyl tryptophan	P
RNC	Reduced Nitrate Concentraion	P
RNC	Ribonuclease III	G
RNE	RNase E	G
RNR	RNase R family	G
RNS	Ribonuclease	G
RNT	Runt	P
ROA	Regulator of ABA Response	G
ROB	Revertant of bri1	P
ROBIN	Revertant of bin2	P
ROBRI	Revertant of bri1	P
ROC	Rotamase Cyclophilin	G
ROC	Root outgrowth constitutive	P
ROCO	Regulator of CONSTANS	P
ROD	Reduced oleate desaturation	P
ROG	Rogaine; Supressor of glabral trichome defect	P
ROH	Roots from hypocotyl	P
ROK	Resistant to FR light killing	P
ROL	Repressor of lrx1	P
RON	Rotunda	P
ROP	RHO-Like GTP Binding Protein	G
ROQH	Relaxation of qH	G
ROR	suppressor of ros1	P
ROS	Repressor of silencing	P
ROSE	ROSETYLER	P
ROT	Rotundifolia	P
ROU	ROUGE	P
ROX	Regulator of axillary meristem formation	P
ROZ	Resistant to ozone	P
RP	Proline resistant	P
RPB	Reaction to Plasmodiophora brassicae	P
RPD	Root primordium defective	P
RPE	Ribulose-5-phosphate 3-epimerase	G
RPF	RNA PROCESSING FACTOR	G
RPG	Rapid precocious germination	P
RPK	Receptor-Like Protein Kinase	G
RPL	Replumless	P
RPL	Ribosomal Protein Large Subunit	G
RPM	Resistance to Pseudomonas syringae pv. maculicola	P
RPN	26S Proteasome Regulatory Particle Subunit	G
RPP	Recognition of Peronospora parasitica	P
RPS	Resistant to Pseudomonas syringae	P
RPS	Ribosomal Protein Small Subunit	G
RPT	Root phototropism	P
RPW	Recognition of powdery mildew	P
RPX	Regulator of proteasomal gene expression	G
RRA	Reduced Residual Arabinose	P
RRC	REDUCED RED-LIGHT RESPONSES IN CRY1CRY2 BACKGROUND	P
RRD	Root Redifferentiation	P
RRE	Rapid Response to Elicitor	G
RRP	RIBOSOMAL RNA PROCESSING	G
RRS	Resistant to Ralstonia solanacearum	P
RRT	Regulates resistance to TCV	G
RS	Resistant to salt	P
RSA	Short root in salt medium	P
RSF	Reduced sensitivity to far-red light	P
RSH	Root, shoot, hypocotyl defective	P
RSI	Reduced Systemic Immunity	P
RSL	RHD SIX LIKE	G
RSP	rar1-15 Suppressor	P
RSR	Reduced sugar response	P
RST	Resurrection	P
RSTK	Receptor-like Serine/Threonine Kinase gene	G
RSW	Radially swollen root	P
RSX	Restricted sucrose export	P
RSY	Raspberry	P
RTE	Reversion to ethylene sensitivity	P
RTG	Raring to go	P
RTH	RTE1-Homolog	G
RTM	Restricted TEV movement	P
RTN	Reduced trichome number	P
RTS	Retsina	P
RTS	RNA Mediated Transcriptional Silencing	G
RTV	RELATED TO VERNALIZATION1	G
RTY	Rooty	P
RUB	Ubiquitin Related Protein	G
RUBY	Ruby Particles in Mucilage	P
RUG	Rugosa	P
RUK	Runkel	P
RUL	REDUCED IN LATERAL GROWTH	P
RUP	REPRESSOR OF UV-B PHOTOMORPHOGENESIS	P
RUS	Related to auxin synthesis	P
RVE	Reveille	P
RWA	Reduced Wall Acetylation	P
RXA	Resistant to Xanthomonas campestris pv. amoraciae race	P
RXC	Reaction to Xanthomonas campestris	P
RXR	Repressor of excessive root hair growth	P
SAB	Sabre	P
SAC	Homolog of Yeast SAC1	G
SACP	Senescence-associated chloroplast protein	G
SAD	Salt (NaCl) addiction	P
SAG	Senescence-Associated Gene	G
SAG	Sagittatus	P
SAHH	S-Adenosyl-L-Homocysteine Hydrolase	G
SAI	Salicyclic acid insensitive	P
SAINT	Suppressor of AINTEGUMENTA	P
SAM	Shoot apical meristem defective	P
SAN	Salobreno	P
SAP	Sterile apetala	P
SAPP	Senescence-Associated Peroxisomal Protein	G
SAQR	Senescence-associated QQS related	G
SAR	Suppressor of auxin resistance	P
SARD	Systemic acquired resistance deficient	P
SAS	Sodium super-accumulation in shoot	P
SAT	Serine-glyoxylate aminotrasferase	G
SAV	Shade AVoidance mutant	P
SAW	SAWTOOTH	P
SAX	Hypersensitive to ABA, auxin	P
SBB	Suppressor of bak1 bkk1	G
SBE	Starch Branching Enzyme	G
SBH	Sphingoid Base Hydroxylase	G
SBI	Suppressor for BRI1	P
SBP	S-Ribonuclease Binding Protein	G
SBR	Short blue (Dc3-GUS overexpressing) root	P
SBS	Slightly Bifid Stigma	P
SCA	Scabra	P
SCABP	SOS3-Like Calcium Binding Protein	G
SCB	Small cajal body	P
SCC	Suppressor of cry1/cry2	P
SCD	Stomatal cytokinesis defective	P
SCF	Scarface	P
SCH	Starch accumulating root	P
SCL	Scarecrow like	G
SCM	Scrambled	P
SCN	Supercentipede	P
SCO	Scoop	P
SCOR	Scorpion	P
SCP	Side car pollen	P
SCR	Scarecrow	P
SCRM	Scream	P
SCV	Suppressor of cpr5	P
SCY	SecY Homolog	P
SCZ	Schizoriza	P
SDA	Small defense-associated protein	P
SDD	Stomatal density, distribution	P
SDE	Silencing defective	P
SDF	Semi Dwarf	P
SDG	SET domain group	G
SDH	Saccharopine Dehydrogenase	G
SDI	Sensitive to Dosage Imbalance	P
SDM	Seed Dormancy Modifier	P
SDN	Small RNA degrading nuclease	G
SDP	Sugar dependent	P
SDR	Sulfadiazine resistant	P
SDS	Solo dancers	P
SDT	Spermidine disinapoyl acyltransferase	G
SE	Serrate	P
SEA	Serrata	P
SEC	Secret agent	P
SECA	SecA homolog	G
SECE	SecE homolog	G
SEH	Epoxide Hydrolase	G
SEL	Selenate resistant	P
SEM	Semisterile	P
SEN	Early senescence	P
SEO	Suppressor of EIN3 Overexpression	P
SEOR	Sieve Element Occlusion-Related	G
SEP	Sepallata	P
SER	Serrated leaf	P
SERK	Somatic embryogenesis receptor kinase	G
SES	Sucrose effect on stress	P
SESA	SEED STORAGE ALBUMIN	G
SET	Suppressor of ein3	P
SETH	Seth	P
SEU	Seuss	P
SEX	Starch excess	P
SFC	Scarface	P
SFD	Suppressor of fatty acid deficiency	P
SFL	Seth Four Like	G
SFP	Sugar-Porter Family Protein	G
SFPS	SPLICING FACTOR FOR PHYTOCHROME SIGNALING	G
SFR	Sensitive to freezing	P
SFS	Sawfish	P
SFT	Suppressor of overexpression of FT	P
SG	Sterol glucosyltransferase	G
SGA	Silencing group A	G
SGB	Silencing group B	G
SGF	Silencing group F	G
SGK	sphingosine kinase	G
SGL	sphingosine-1-phosphate lyase	G
SGN	STAYGREEN	G
SGP	sphingosine-1-phosphate phosphatase	G
SGR	Shoot gravitropism	P
SGS	Suppressor of gene silencing	P
SGT	Suppressor of G2 allele of skp1	P
SHA	Shabondama	P
SHD	Shepherd	P
SHE	Female gametophyte, embryo lethal	P
SHI	Short internodes	P
SHL	Seedlings hyper-responsive to light	P
SHM	Serine hydroxymethyltransferase	G
SHN	Shine	P
SHO	suppressor of HSC70 overexpression	P
SHOT	SUPPRESSOR OF hot1-4	P
SHOU	Chinese word for skinny	P
SHP	Shatterproof	P
SHQ	Activation tagged suppressor of phyB with increased biomass	P
SHR	Short tap and lateral root	P
SHR	Short root	P
SHS	Suppressor of FAB	P
SHT	Short tap, long lateral root	P
SHUAI	Shuai	P
SHV	Shaven	P
SHY	Short hypocotyl	P
SHYG	SPEEDY HYPONASTIC GROWTH	G
SHZ	Schizoid	P
SIA	siesta	P
SIC	Sunburns in cold	P
SICS	slender in canopy shade	P
SICY	Sugar-inducible cotyledon yellow	P
SID	Salicylic acid induction deficient	P
SIF	stress-induced and flowering	G
SIG	Sucrose insensitive growth	P
SIG	RNA Polymerase Sigma Subunit	G
SIL	Altered transgene silencing	P
SIM	Siamese	P
SIN	Sinapic acid biosynthesis	G
SIN	Short integuments	P
SINAT	Homolog of Drosophila SINA	G
SINE	SUN domaininteracting nuclear envelope protein	G
SIP	Signal peptidase	G
SIR	Silencing repressor	P
SIR	Sulfite Reductase	G
SIS	Sugar insensitive	P
SK	Shaggy-Like Kinase	G
SKA	Sidekick of clavata	P
SKD	skud	P
SKL	Skp-like	G
SKO	SKOR K+ channel	G
SKP	Subunit of Ubiquitin Ligase	G
SKS	SKU5 similar	P
SKU	Skewed root growth on agar	P
SLAC	SLOW ANION CHANNEL-ASSOCIATED 1	P
SLAH	SLAC1 HOMOLOGUE	G
SLE	Sleepless embryo	P
SLH	Sensitive to Low Humidity	P
SLI	Sieve element-lining chaperone	G
SLK	Seuss-like	P
SLM	SUB-LIKE MUTANT	P
SLN	SA levels lower than npr1	P
SLO	Slowcoach	P
SLOF	Suppressor locus of fla4	P
SLOMO	SLOW MOTION	P
SLP	Schlepperless	P
SLR	Solitary root	P
SLS	Suppress Late-flowering phenotype under Short-day	P
SLT	Sodium and Lithium Tolerant	P
SLX	Suppressor of Lateral Organ Boundaries Domain 16 SRDX Overexpression	P
SLY	Sleepy (GA-insensitive suppressor of ABI1-1	P
SMA	Symptoms to multiple avirulence genotypes	P
SMB	Sombrero	P
SMC	Structural Maintenance of Chromosomes	G
SMD	Sporophyte, megagametogenesis defect	P
SMF	So Much Fluorescence	P
SML	Stamen loss	P
SMM	suppressor of mum	P
SMOF	SUPPRESSOR OF MOS4	P
SMOM	suppressor of mom1	P
SMOT	SUPPRESSOR OF MOS2	P
SMR	SIAMESE-Related	G
SMS	Suppressor of msg1/nph4	P
SMT	Sterol methyl transferase	G
SMU	homologs of nematode SMU	G
SMZ	SCHLAFMTZE	P
SNA	Suppressor of nph3 Aphototropism	P
SNAG	Snaggy	P
SNC	Suppressor of NPR1 constitutve	P
SNE	Curled trichomes, short root hairs	P
SNF	Snuffleupagus	P
SNG	Sinapoylglucose accumulator	P
SNI	Suppressor of NPR1 inducible	P
SNIPER	snc1-influencing plant E3 ligase reverse genetic screen	G
SNK	Snake charmer	P
SNL	SIN3-like	G
SNO	Snowball	P
SNS	Spontaneous necrotic spots	P
SNT	Sin3 homologs	G
SNV	Supernova	P
SNW	SNC1-like in Ws	G
SNX	SORTING NEXIN	G
SNZ	SCHNARCHZAPFEN	P
SOA	Suppressor of acd11-related cell death	P
SOB	Activation-tagged suppressors of phyB	P
SOBER	Suppressor of AvrBsT-elicited resistance	P
SOBRI	Suppressor of bri1	P
SOC	Suppressor of over-expression of CO	P
SOE	Suppressor of Ethylene Insensitivity	P
SOF	Suppressor of FLH	P
SOG	Supressor of gamma	P
SOH	son of hemera	G
SOL	Solo	P
SOM	Somniferous	P
SON	Suppressor of NIM	P
SOPH	sigma one phosphatase	G
SOPK	sigma one protein kinase	G
SOQ	Suppressor of Quenching	P
SOR	Suppressor of rps2	P
SOS	Salt overly sensitive	P
SOST	Suppressor of Silenced Transgenes	P
SOT	Suppressor of TRP2	P
SOV	sugar oversensitive	P
SOW	Suppressor of W4A	P
SOZ	Sensitive to ozone	P
SP	Suppressor of ppi1	P
SP1L	Spiral 1 like	P
SPA	Suppressor of PHYA-105	P
SPCH	Speechless	P
SPD	Seedling plastid development	P
SPDS	Spermidine Synthase	G
SPE	Spermine/spermidine deficient	P
SPEC	Suppressor of PPI1 Enhanced Chlorophyll	P
SPEN	SPEN	G
SPF	Stable PIF1	P
SPG	Suppressor of Preglobular Arrest	P
SPH	S-Protein Homolgue	G
SPI	Spirrig	P
SPIK	Shaker family K+ channel	G
SPIKE	Spike	P
SPK	Spock	P
SPL	Sporocyteless	P
SPM	Resistant to spermine	P
SPN	Spoon	P
SPP	Sucrose-Phosphatase	G
SPP	Tightly clustered inflorescence	P
SPPD	suppressor of peapod	P
SPPL	Signal peptide peptidase-like	G
SPPR	LITTLE SIPPER	G
SPR	Spiral	P
SPR	Spermine resistant	P
SPRT	SUPPRESSOR OF RFC THREE	P
SPS	Supershoot	P
SPT	Spatula	P
SPU	Suppressor of ult1-2	P
SPY	Spindly	P
SPZ	Spatzle	P
SQD	Sulfolipid (Sulfoquinovosyl diacylglycerol) deficient	P
SQE	squalene epoxidase	G
SQN	Squint	P
SQS	Squalene Synthase	G
SR	Arginine/Serine Rich	G
SRB	Shoot and root branching	P
SRD	Shoot redifferentiation defective	P
SRE	Salt Resistant	P
SRF	SUB receptor family	G
SRFR	Suppressor of rps4-RLD	P
SRG	Senescence-Related Gene	G
SRH	Short root hairs	P
SRI	Suppressor of reduced systemic immunity1	P
SRIW	Suppressor of root initiation defective two	P
SRK	SnRK2-Type Protein Kinase	G
SRL	Short hypocotyl in red light	P
SRN	Sirene	P
SRO	Similar to RCD-One	G
SRP	Signal Recognition Particle	G
SRR	Sensitivity to red light reduced	P
SRRF	Suppressor of rrd4	P
SRT	SIR2 histone deacetylase	G
SRV	SUGAR RESPONSIVE	G
SRY	Surya	G
SS	Strictosidine Synthase	G
SSA	Super-sensitive to auxin	P
SSADH	Suucinic-Semialdehyde Dehyrogenase	G
SSCD	short-day sensitive cell death	P
SSD	Suppressor of Syntaxin-related Death	P
SSE	Shrunken seed	P
SSF	Sequence Similar to Ftn2	G
SSI	Suppressor of salicyclic acid insensitive	P
SSL	Supressor of solitary root	P
SSM	Short stem and midrib	P
SSN	Suppressor of sni1	P
SSP	short suspensor	P
SSQ	Seed Size QTL	P
SSR	Small subunit ribosomal protein	G
SSS	Sucrose super sensitive	P
SST	Stomatal signal transduction	P
SSTIG	Sunken Stigma	P
STA	Stachel	P
STAB	Stabilized	P
STARIK	Starik	P
STAX	Stable executor	G
STAY	Stamenstay	P
STB	Stubby	P
STC	salt-tolerant callus	P
STCL	STIC2-like	G
STD	Stud	P
STE	Ovule defective	P
STF	Starch free	P
STI	Stichel	P
STIC	Suppressor of tic40	P
STIP	STIMPY	P
STIPL	Spliceosomal TImekeePer Locus	G
STK	Seed stick	P
STL	Steele this plant	P
STM	Shoot meristemless	P
STM	Serine transhydroxymethylase	G
STO	Salt Tolerance	G
STP	Stunted plant	P
STP	Monosaccharide H+ Symporter	G
STPL	STIMPY-LIKE	G
STR	Stunted root	P
STRS	Stress Response Suppressor	G
STS	Short stamen	P
STT	staurosporin and temperature sensitive	G
STU	Stumpy	P
STV	Short Valve	P
STY	Stylish	P
SU	Suppressor of CHL4	P
SUA	suppressor of abi3-5	P
SUB	Strubbelig	P
SUB	Short under blue light	P
SUC	Sucrose-H+ Symporter	G
SUC	Sucrose transporter	G
SUD	Suppression of ubiquitin ubR48-induced cell death	P
SUF	Suppressor of fruitful	P
SUG	suppressed greening of calli	P
SUH	Super hydrotropic	P
SUL	Sulfurata	P
SULTR	Sulfate transporter	G
SUMM	Suppressor of mkk1 mkk2	P
SUMO	Small Ubiquitin-Like Modifier	G
SUN	Sucrose uncoupled	P
SUP	Superman	P
SUPER	Suppressor of erecta	P
SUR	Super root	P
SUS	Abnormal suspensor	P
SUSA	SUPPRESSOR OF SAUL1	P
SUT	Sucrose Transporter	G
SUV	Sensitive to UV	P
SUZ	Suppressor of zwichel trichomes	P
SVB	SMALLER TRICHOME WITH VARIABLE BRANCHES	P
SVI	Suppressor of cprV nprI	P
SVN	Spontaneous vessel necrosis	P
SVP	Short vegetative phase	P
SWA	Second whorl AG repressor	P
SWE	sweetie	P
SWEET	Sugars will be eventually exported transporter	G
SWI	Switch	P
SWN	SWINGER	P
SWP	Struwwelpeter	P
SXC	SUPPRESSOR OF XopAC	P
SYD	Splayed	P
SYL	Scylla	P
SYM	Symplekin	G
SYN	Meiotic synaptic defective	P
SYP	Syntaxin-Related Protein	G
SZK	Suzaku	P
SZL	Suppressor of zeaxanthin-less	P
TAA	Tryptophan Aminotransferase of Arabidopsis	G
TAAC	thylakoid ATP/ADP carrier	G
TAD	tRNA Adenosine Deaminase	G
TADA	tRNA Arginine Adenosine Deaminase	G
TAE	Taeniata	P
TAF	TATA Binding Protein Associated Factor	G
TAG	Triacylglycerol biosynthesis defect	P
TAL	Tail	P
TAM	Tardy Meiosis	P
TAN	TANMEI	P
TAO	Target of AvrB Operation	P
TAR	Tryptophan Aminotrasferase Related	G
TARA	Tarantula	P
TASTY	Tasty	P
TATC	Twin-Arginine Translocation C	G
TAX	Trichome anthocyanin expansion	P
TBA	TESTA ABUNDANT	P
TBL	TRICHOME BIREFRINGENCE-like	G
TBP	TATA Binding Protein	G
TBP	Telomeric DNA Binding Protein	G
TBR	Trichome birefringence	P
TBT	Tablut	P
TCH	Touch	G
TCI	Slender peaked petal	P
TCMT	The Cat in the Hat Mitochondrial Mutant	P
TCO	TACO LEAF	G
TCOR	TRYPTOPHAN CONJUGATE RESPONSE	P
TCU	Transcurvata	P
TD	Threonine Deaminase	G
TDF	Typical Dwarf	P
TDL	Trichome Density Locus	P
TDM	Meiosis defective	P
TDN	TARDN	P
TDP	TolB-related Defense Protein	G
TDR	Transcriptional regulator of Defense Response	P
TDS	Tannin deficient seed	P
TDT	Trident	P
TDX	Thioredoxin Like	G
TEA	Transcribed Early in Auxin response	G
TEB	TEBICHI	P
TEC	TARGETS UNDER ETT CONTROL	G
TED	Suppressor of DET	P
TEJ	Long free-running circadian period	P
TEK	Transposable Elements Killer	G
TERT	Telomerase Reverse Transcriptase	G
TES	Tetraspore	P
TET	tetraspanin	G
TEX	TCH Expression	G
TFA	Things fall apart	P
TFC	Tubulin Folding Cofactor	G
TFIIB	Transcription Factor II B	G
TFL	Terminal flower	P
TGA	Transcription Factor	G
TGD	Trigalactosyldiacylglycerol	G
TGG	Thioglucoside Glucohydrolase	G
TGH	Tough	P
TH	Thiamine requiring	P
THA	THreonine Aldolase	G
THAD	Thalian-diol desaturase	G
THAH	Thalianol hydroxylase	G
THAS	thalianol synthase	G
THD	Thunderhead	P
THH	TOM three homolog	G
THI	Thionin	G
THP	Thin petals	P
THS	THESAN	P
TIB	Tire-bouchon	P
TIC	Circadian timing defective	P
TIC	Translocon at inner membrane of chloroplasts	G
TIL	Tilted	P
TIM	Translocase of the Inner Membrane	G
TIN	Tinman	P
TIO	Two-in-one	P
TIP	Tip growth defective	P
TIR	Transport inhibitor response	P
TIS	Auxin transport inhibitor hypersensitive	P
TKPR	TETRAKETIDE -PYRONE REDUCTASE	G
TLA	THALNA	P
TLM	Timing of leaf movements	P
TLP	TUBBY-Like Protein	G
TLS	Tetralocular Silique	P
TLZ	Tlazolteotl	P
TMD	Timid	P
TMK	Transmembrane Kinase	G
TMKL	Transmembrane Kinase Like	G
TMM	Too many mouths	P
TMP	Transmembrane Protein	G
TMR	transcript binding motif repeat	G
TMS	THERMOSENSITIVE MALE STERILE 1	P
TMT	Tocopherol methyltransferase	G
TNP	Turnip	P
TNR	tanorexia	P
TNY	Tiny	P
TOAD	Toadstool	P
TOC	Timing of CAB1	P
TOC	Translocon at outer membrane of chloroplasts	G
TOE	Target of EAT	G
TOL	Altered tolerance to black rot	P
TOLS	TARGET OF LBD SIXTEEN (LBD16)	G
TOM	Tobamovirus multiplication	P
TON	Tonneau	P
TOP	Tower of Pisa	P
TOP	Topoisomerase	G
TOR	Tortifolia	P
TOR	Target of rapamycin	G
TOS	Constitutive response to osmotic stress	P
TOT	Trio targets	P
TOTH	tols two hypersensitive	P
TOTI	tols two insensitive	P
TOZ	Tormoz	P
TPC	Two Pore Calcium Channel	G
TPD	Tapetum determinant	P
TPF	TRIPLE PHD FINGERS	G
TPL	Topless	P
TPP	Trehalose-6-Phosphate Phosphatase	G
TPR	Topless related	P
TPS	Trehalose-6-phosphate synthase	G
TPS	Transit peptide suppressor	P
TPS	Terpene Synthase	G
TPST	Tyrosylprotein sulfotransferase	G
TPT	Triose phosphate / phosphate translocator	G
TRE	Trehalase	G
TRG	Thermoinhibition registant germination	P
TRH	Tiny root hair	P
TRI	Tobacco rattle virus induced	G
TRIPP	TRAPP-Interacting Plant Protein	G
TRL	Troll	P
TRM	TON1 recruiting motif	G
TRN	Tornado	P
TRP	Tryptophan auxotroph	P
TRPT	2' tRNA Phosphotransferase	G
TRR	TRehalose Resistant	P
TRX	Trithorax-Like	G
TRX	Thioredoxin	G
TRY	Triptychon	P
TSA	Tryptophan Synthase Alpha Chain	G
TSB	Tryptophan Synthase Beta-Subunit	G
TSD	Tumorous shoot development	P
TSF	Twin sister of FT	G
TSK	Tonsoku	P
TSL	Tousled	P
TSN	Tudor-SN, tudor staphylococcal nuclease	G
TSO	Tso	P
TSS	TPR-domain Supressor of STIMPY	P
TSY	THREONINE SYNTHASE 2	G
TT	Transparent testa	P
TTA	TITANIA	P
TTG	Transparent testa, glabrous	P
TTH	Tra1/TRRAP Homolog	G
TTL	Transthyretin-like	G
TTM	Tom two mutation modifier 1	P
TTN	Titan	P
TTR	Tolerance to tobacco ringspot virus	P
TUA	Alpha Tubulin	G
TUB	Beta Tubulin	G
TUF	Tuff; cytokinesis defective	P
TUG	Tumorous growth	P
TUN	TURAN	P
TUP	Tumor prone	P
TVA	TRANVIA	P
TWD	Twisted dwarf	P
TWN	Twin embryos	P
TWS	Twisted seed	P
TWT	TWISTED	G
TXR	Thaxtomin resistant	P
TYA	Tistrya	P
TYRDC	L-tyrosine decarboxylase	G
TZ	Thiazole requiring	P
U2BL	U2B-LIKE	G
UAFT	UDP-Arabinofuranose Transporter	G
UAH	ureidoglycolate amidohydrolase	G
UAPT	UDP-Apiose Transporter	G
UBC	Ubiquitin Carrier Protein	G
UBN	Ubinuclein	G
UBP	Ubiquitin-Specific Protease	G
UBQ	Ubiquitin Extension Protein	G
UCN	Unicorn	P
UCP	Uncoupling Protein	G
UCU	Ultracurvata	P
UDS	Underdeveloped shoot	P
UFO	Unusual floral organs	P
UGLYAH	ureidoglycine aminohydrolase	G
UGNT	UDP-N-Acetylglucosamine Transporter	G
UGT	UDP-Glucose:Glucosyltransferase	G
ULA	Hula	P
ULI	UV light hypersensitive	P
ULT	Ultrapetala	P
ULV	Ultravascularis	P
UMA	Umami	P
UMAMIT	Usually multiple acids move in and out Transporters	G
UMB	Umbel	P
UMK	uridine monophosphate kinase	G
UNE	Unfertilized embryo sac mutants	P
UNG	UNGUD	P
UNS	Unusual sugar response; late flowering	P
UPL	Ubiquitin-Protein Ligase	G
UPM	Urophorphyrin Methylase	G
UPS	Ureide Permase	G
UPS	Underinducer pathogen and stress	P
UPT	uracil phosphoribosyl transferase	G
URG	Up-regulated in growing shoots	G
URH	uridine ribohydrolase	G
URM	UNARMED	P
URO	Upright rosette	P
UTA	Untransformable Root by Agrobacterium	P
UTC	Up the creek	P
UUAT	UDP Uronic Acid Transporter	G
UVH	Ultraviolet hypersensitive	P
UVI	UV-B Insensitive	P
UVR	UV repair defective	P
UVS	Ultraviolet light hypersensitive	P
UXS	UDP-Xylose Synthase	G
UZI	Unzipped	P
VAD	Vascular Associated Death	P
VAH	Vascular Hyperplasia	P
VAL	Valine resistant	P
VALRS	Valyl tRNA Synthetase	G
VAM	Variable meristem	P
VAN	Vascular Network Defective	P
VAN	Vaamana	P
VAR	Variegated	P
VAS	Vascular size	P
VAT	valine tolerant	P
VBF	VIP1-binding F-box	G
VCC	Vasculature Complexity and Connectivity	P
VCCN	voltage-dependent Chloride channel	G
VCH	Vertically challenged	P
VCL	Vacuoless (Formerly MAN); Embryo defective	P
VCS	Varicose	P
VDD	VERDANDI	P
VDE	Vascular defective	P
VEF	VEF family	G
VEI	VEIVE	P
VEL	VERNALIZATION5/VIN3-LIKE	G
VEN	Venosa	P
VEP	Vein patterning	P
VEX	Vegetative Cell Expressed	G
VFB	VIER F-BOX PROTEINE	G
VGD	Vanguard	P
VH	Vascular Highway	G
VHE	Van Helsing	P
VHI	Vascular highway	P
VHS	Verticillium hypersensitive	P
VI	Viridis	P
VICI	Virus-induced corymb-like inflorescence	P
VID	Virus induced dwarf	P
VIH	VIP1-HOMOLOG	G
VIM	Variant In Methylation	P
VIP	Vernalization independence	P
VIP	VirE2-Interacting	G
VIR	Virescent	P
VIT	Vacuolar Iron Transporter	G
VLF	Very Low Fluence	P
VLG	Vacuoleless Gametophytes	P
VLN	Villin-Like	G
VNI	VND-INTERACTING	G
VPE	Vacuolar Processing Enzyme	G
VPL	Vascular prepattern-like	P
VPP	Vascular prepattern	P
VPS	Vacuolar Protein Sorting	G
VR	Virescens	P
VRC	Verrucosa	P
VRN	Reduced vernalization response	P
VSM	Viral systemic movement	P
VSP	Vegetative Storage Protein	G
VST	VAMP-associated suppressor of TMM	P
VTC	Vitamin C (ascorbate) defective	P
VTE	Vitamin E Deficient	P
VTI	vesicle transport V-snare	G
WAD	WANDERING ROOT	P
WAG	WAG	P
WAK	Wall Associated Kinase	G
WAP	WPP-domain associated protein	G
WAR	wax restorer	P
WARP	WARM ACUTE RESPONSE OF PRR7	P
WAT	Walls are Thin	P
WAV	Wavy roots	P
WAVE	WASP family Verprolin-homologous protein	G
WAX	Wax defective in leaves	P
WCO	White cotyledons	P
WDA	WALKER-TYPE DEFENSE ASSOCIATED AAA-ATPASE	G
WDD	WD40-DOMAIN	G
WDY	Woody	P
WEB	Weberknecht	P
WEE	Homolog Yeast WEE1	G
WEEP	WEEP	P
WEI	Weak ethylene insensitive	P
WEK	WECKER	P
WEL	Weak Ethylene insensitive Like	P
WEN	Wendell	P
WER	Werewolf	P
WEX	Confidential	P
WFL	WALLFLOWER	G
WFLR	WALLFLOWER-RELATED	G
WHG	Warthog	P
WHO	Wuschel-Like Homeodomain Overexpressing	G
WHS	WALL HYDROLISIS SENSITIVE	P
WHY	Whirly	G
WIG	Wiggum	P
WIN	HopW1 Interacting Protein	G
WIP	WPP-domain Interacting Protein	G
WIT	WPP domain-interacting TA protein	G
WIZ	WINZLING	P
WKR	WECKER	P
WLC	Wavy leaves, cotyledons curled back	P
WLG	Wawalag	P
WLIM	WLIM	G
WMD	Weapons of Mass Destruction	P
WNK	WNK Family Protein Kinase	G
WOL	Wooden leg	P
WOP	WithOut a paddle	P
WOW	Wonderwoman	P
WPP	WPP Domain Protein	G
WRG	Warg	P
WRI	Wrinkled seed	P
WRKY	WRKY Class of DNA Binding Proteins	G
WRM	Wurm	P
WUS	Wuschel	P
WVC	Root defective	P
WVD	Altered root waves on tilted agar	P
WVS	Wavy sepal	P
WXR	WEAK AUXIN RESPONSE	P
WYR	wyrd	P
WZL	Wurzellos	P
XAV	Xantha variegation	P
XCL	Extra cyclin levels	P
XCO	XICOTET	P
XCP	Xylem Cysteine Peptidase	G
XCT	XAP5 Circadian Timekeeper	P
XEN	Xenobiotic disposition locus	P
XGD	Xylogalacturonan Deficient	P
XGT	XYLOGLUCAN GALACTOSYLTRANSFERASE	G
XIP	xylem intermixed with phloem	P
XLG	Extra Large G-Protein	G
XLR	extra-large G protein related	G
XPB	XPB/RAD25	G
XPL	Xipotl	P
XPS	Xanthine/Uracil Permease Sensing	P
XPT	Xul-5-P/phosphate Translocator	G
XRCC	RAD51-Like	G
XRI	X-Ray Induced Transcript	G
XRN	Exoribonuclease	G
XRS	Hypersensitive to X-irradiation	P
XS	Extra-Small Sisters	P
XSP	Xylem Serine Peptidase	G
XSR	Xylan Synthesis-Related	P
XTC	Extra cotyledon	P
XTG	Extinguisher	P
XTH	Xyloglucan endo-transglucosylase / hydrolase	G
XTR	Xyloglucan Endotransglycosylase Related	G
XUT	Xyloglucan galactosyluronic acid transferase	G
XV	Xantha-viridis	P
XXT	Xyloglucan Xylosyltransferase	G
XYL	Xylosidase	P
XYN	Xylanase	G
XYP	Xylogen protein	G
YAB	Yabby	P
YAK	yeast YAK1-related gene	G
YAR	yarilo	P
YAZ	yet another zinc finger	G
YDA	Yoda	P
YDK	Yadokari	P
YDK	Yadokari	P
YEL	Yellow	P
YI	Yellow inflorescence	P
YOR	Yosemite resistance	P
YOZ	Yozhik	P
YRE	Yore-yore	P
YSV	You're so vein	P
YUC	Yucca	P
YVE	Yellow veins	P
ZAB	Zaphod Beeblebrox	P
ZAL	Zaltys	P
ZAP	Zinc-Dependent Activator Protein	G
ZAR	HopZ Activated Resistance	P
ZAT	Zinc Transporter of Arabidopsis thaliana	G
ZDP	ZINC 4 FINGER DNA 3'-PHOSPHOESTERASE	G
ZDS	Zeta-Carotene Desaturase	G
ZEF	ZERRAUFT	P
ZEN	Zen	P
ZET	ZERZAUST	P
ZEU	ZEUS	P
ZFD	Zinc Finger domain containing protein required for Disease defence	G
ZFP	Zinc Finger Protein	G
ZIF	ZINC INDUCED FACILITATOR	G
ZIFL	ZINC INDUCED FACILITATOR-like	G
ZIG	Zig zag stem	P
ZIP	zig suppressor	P
ZIP	ZRT, IRT-Like Protein	G
ZIX	ZAK IXIK	P
ZLL	Zwille	P
ZPA	ZIPNA	P
ZPL	zeppelin	P
ZPR	LITTLE ZIPPER	G
ZPY	Zippy	P
ZTL	Zeitlupe	P
ZTS	bzr1-1D T-DNA-tagged suppressor	P
ZUND	Zund	P
ZWG	ZWERGERL	P
ZWI	Zwichel	P
ZWK	bzr1-1D without kink	P
ZYP	ZYP	G
sORF	small open reading frame	G
