128up	upstream of RpIII128
140up	upstream of RpII140
14-3-3epsilon	14-3-3epsilon
14-3-3zeta	14-3-3zeta
18w	18 wheeler
2mit	2mit
4E-T	eIF4E-Transporter
7B2	7B2
825-Oak	825-Oak
a6	a6
a	arc
aay	astray
ab	abrupt
Abca3	ATP binding cassette subfamily A member 3
ABCB7	ATP binding cassette subfamily B member 7
Abcd1	ATP binding cassette subfamily D member 1
Abcd3	ATP binding cassette subfamily D member 3
abd-A	abdominal A
Abd-B	Abdominal B
abo	abnormal oocyte
abs	abstrakt
ac	achaete
Acam	Androcam
Acer	Angiotensin-converting enzyme-related
achi	achintya
Achl	Achilles
acj6	abnormal chemosensory jump 6
Acn	Acinus
Acp33A	Accessory gland-specific peptide 33A
acs	arcus
Act42A	Actin 42A
Act57B	Actin 57B
Act5C	Actin 5C
Act79B	Actin 79B
Act87E	Actin 87E
Act88F	Actin 88F
Actbeta	Activin-beta
Actn3	alpha actinin 3
Actn	alpha actinin
Ada1-1	transcriptional Adaptor 1-1
Ada1-2	transcriptional Adaptor 1-2
Ada2a	transcriptional Adaptor 2a
Ada2b	transcriptional Adaptor 2b
Ada3	transcriptional Adaptor 3
Adh	Adh-related
Adhr	Adh-related
adp	adipose
Ae2	Anion exchanger 2
aft	adrift
Afti	Aftiphilin
Ag5r2	Antigen 5-related 2
Ag5r	Antigen 5-related
AGBE	1%2C4-Alpha-Glucan Branching Enzyme
AGO1	Argonaute-1
AGO2	Argonaute 2
AGO3	Argonaute 3
ago	archipelago
ais	aramis
Akh	Adipokinetic hormone
akirin	akirin
Aladin	Aladin
al	aristaless
alc	alicorn
Alg-2	Apoptosis-linked gene-2
Alh	Alhambra
alien	alien
alka	alkaliphile
AlkB	AlkB
Alms1a	Alstrom syndrome 1a
Alms1b	Alstrom syndrome 1b
aln	allnighter
alpha-Cat	alpha Catenin
alpha-Catr	alpha-catenin related
alpha-Est4aPsi	alpha-Est4aPsi
alphaKap4	alpha Karyopherin-4
alph	alphabet
alpha-Spec	alpha Spectrin
alphaTry	alphaTrypsin
alphaTub67C	alpha-Tubulin at 67C
alphaTub84B	alpha-Tubulin at 84B
alphaTub84D	alpha-Tubulin at 84D
alphaTub85E	alpha-Tubulin at 85E
Alr	Augmenter of liver regeneration
alrm	astrocytic leucine-rich repeat molecule
Als2	Amyotrophic lateral sclerosis 2
alt	aluminum tubes
aly	always early
Ama	Amalgam
amd	alpha methyl dopa-resistant
amn	amnesiac
Amnionless	Amnionless
amon	amontillado
Amph	Amphiphysin
amrt	amaretto
Amt	Ammonium transporter
Amun	Amun
amx	almondex
ana1	anastral spindle 1
ana2	anastral spindle 2
ana3	anastral spindle 3
ana	anachronism
Ance-2	Ance-2
Ance-3	Ance-3
Ance-4	Ance-4
Ance-5	Ance-5
Ance	Angiotensin converting enzyme
anchor	anchor
Andorra	Andorra
angel	angel
Ank2	Ankyrin 2
Ank	Ankyrin
Ankle2	Ankle2
anne	anne boleyn
anox	anorexia
Anp	Andropin
Antp	Antennapedia
antr	antares
AnxB10	Annexin B10
AnxB11	Annexin B11
AnxB9	Annexin B9
aop	anterior open
Aos1	Activator of SUMO 1
aos	argos
ap	apterous
Apc2	Adenomatous polyposis coli 2
Apc	APC-like
aph-1	anterior pharynx defective 1
Apl	Apollo
apn	apnoia
apolpp	apolipophorin
app	approximated
apt	apontic
Aptx	aprataxin
AQP	aquaporin
aqrs	aquarius
aqz	aaquetzalli
ara	araucan
aralar1	aralar1
Arfip	Arfaptin
Arglu1	Arginine and glutamate rich 1
ari-1	ariadne 1
ari-2	ariadne 2
Arlr	Age-related lipid regulator
arm	armadillo
armi	armitage
Arms	Ankyrin repeat-rich membrane spanning
Arr1	Arrestin 1
Arr2	Arrestin 2
arr	arrow
Arts	Artemis
aru	arouser
arx	asterix
Asator	Asator
ash1	absent%2C small%2C or homeotic discs 1
ash2	absent%2C small%2C or homeotic discs 2
asl	asterless
asp	abnormal spindle
aspr	asperous
asrij	asrij
AstA	Allatostatin A
ast	asteroid
AstC	Allatostatin C
AstCC	Allatostatin double C
asun	asunder
Asx	Additional sex combs
Atac1	Ada2a-containing complex component 1
Atac2	Ada2a-containing complex component 2
Atac3	Ada2a-containing complex component 3
Atet	ABC transporter expressed in trachea
Atf6	Atf6
Atg101	Autophagy-related 101
Atg10	Autophagy-related 10
Atg12	Autophagy-related 12
Atg13	Autophagy-related 13
Atg14	Autophagy-related 14
Atg16	Autophagy-related 16
Atg17	Autophagy-related 17
Atg18a	Autophagy-related 18a
Atg18b	Autophagy-related 18b
Atg1	Autophagy-related 1
Atg2	Autophagy-related 2
Atg3	Autophagy-related 3
Atg4a	Autophagy-related 4a
Atg4b	Autophagy-related 4b
Atg5	Autophagy-related 5
Atg6	Autophagy-related 6
Atg7	Autophagy-related 7
Atg8a	Autophagy-related 8a
Atg8b	Autophagy-related 8b
Atg9	Autophagy-related 9
ath	athos
atilla	atilla
atk	artichoke
atlas	atlas
atl	atlastin
atms	antimeros
ato	atonal
atos	atossa
Atox1	Antioxidant 1 copper chaperone
ATP7	ATP7
Atpalpha	Na pump alpha subunit
AttA	Attacin-A
AttB	Attacin-B
AttC	Attacin-C
AttD	Attacin-D
att-ORFB	alternative testis transcripts open reading frame B
Atu	Another transcription unit
Atx-1	Ataxin 1
Atx2	Ataxin-2
Atxn7	Ataxin 7
aub	aubergine
aurA	aurora A
aurB	aurora B
aus	argus
aust	australin
aux	auxilin
ave	aveugle
awd	abnormal wing discs
Awh	Arrowhead
axed	axundead
Axn	Axin
axo	axotactin
Axs	Abnormal X segregation
Axud1	AXIN1 up-regulated 1
az2	az2
azot	ahuizotl
B4	B4
B52	B52
b6	b6
B9d1	B9d1
B9d2	B9d2
B9d2	tectonic
bab1	bric a brac 1
bab2	bric a brac 2
babo	baboon
babos	babos
Bacc	Bacchus
Bace	beta-site APP-cleaving enzyme
bai	baiser
Balat	Beta-alanine transporter
Baldspot	Baldspot
ball	ballchen
bam	bag of marbles
bap	bagpipe
BaraA1	Baramicin A1
BaraA2	Baramicin A2
BaraB	Baramicin B
BaraC	Baramicin C
barc	barricade
bard	bard
bark	bark beetle
barr	barren
baz	bazooka
bb8	big bubble 8
bbc	bb in a boxcar
Bbd	Bombardier
bbg	big bang
b	black
BBS1	Bardet-Biedl syndrome 1
BBS4	Bardet-Biedl syndrome 4
BBS5	Bardet-Biedl syndrome 5
BBS8	Bardet-Biedl syndrome 8
BBS9	Bardet-Biedl syndrome 9
bbx	bobby sox
bbx	waclaw
bc10	bc10
BCAS2	BCAS2
bcd	bicoid
bchs	blue cheese
BCL7-like	BCL7-like
bcn92	bcn92
Bcs1	Bcs1 chaperone
Bdbt	Bride of doubletime
bdg	bedraggled
bdl	borderless
Bdp1	B double prime 1
bdwf	bedwarfed
beag	beag
beat-Ia	beaten path Ia
beat-Ib	beaten path Ib
beat-Ic	beaten path Ic
beat-IIa	beaten path IIa
beat-IIb	beaten path IIb
beat-IIIa	beaten path IIIa
beat-IIIb	beaten path IIIb
beat-IIIc	beaten path IIIc
beat-IV	beaten path IV
beat-Va	beaten path Va
beat-Vb	beaten path Vb
beat-Vc	beaten path Vc
beat-VI	beaten path VI
beat-VII	beaten path VII
be	ben
beg	bad egg
bel	belle
Bem46	Bem46
ben	bendless
bero	belly roll
Best1	Bestrophin 1
Best2	Bestrophin 2
Best3	Bestrophin 3
Best4	Bestrophin 4
Bet1	Blocked early in transport 1
Bet3	Blocked early in transport 3
Bet5	Blocked early in transport 5
betaNACtes1	Nascent-associated complex beta-subunit-like%2C testis 1
betaNACtes2	Nascent-associated complex beta-subunit-like%2C testis 2
betaNACtes3	Nascent-associated complex beta-subunit-like%2C testis 3
betaNACtes4	Nascent-associated complex beta-subunit-like%2C testis 4
betaNACtes5	Nascent-associated complex beta-subunit-like%2C testis 5
betaNACtes6	Nascent-associated complex beta-subunit-like%2C testis 6
beta-Spec	beta Spectrin
betaTry	betaTrypsin
betaTub56D	beta-Tubulin at 56D
betaTub60D	beta-Tubulin at 60D
betaTub65B	beta-Tubulin at 65B
betaTub85D	beta-Tubulin at 85D
betaTub97EF	beta-Tubulin at 97EF
Bfc	Booster for Crq
BG642163	BG642163
BG642167	BG642167
BG642312	BG642312
Bgb	Big brother
bgcn	benign gonial cell neoplasm
bgm	bubblegum
B-H1	BarH1
B-H2	BarH2
BHD	Birt-Hogg-Dube
BI-1	Bax Inhibitor-1
bib	big brain
bi	bifid
bic	bicaudal
BicC	Bicaudal C
BicD	Bicaudal D
bif	bifocal
bigmax	bigmax
Bili	Band4.1 inhibitor LRP interactor
bin	biniou
bip1	bip1
bisc	biscotti
Bka	Bekka
blanks	blanks
Blimp-1	Blimp-1
blo	bloated
Blos1	Biogenesis of lysosome-related organelles complex 1%2C subunit 1
Blos2	Biogenesis of lysosome-related organelles complex 1%2C subunit 2
Blos3	Biogenesis of lysosome-related organelles complex 1%2C subunit 3
Blos4	Biogenesis of lysosome-related organelles complex 1%2C subunit 4
blot	bloated tubules
blow	blown fuse
blp	black pearl
blw	bellwether
bma	black match
Bmcp	Bmcp
bmm	brummer
bnb	bangles and beads
bnk	bottleneck
bnl	branchless
BobA	Brother of Bearded A
boca	boca
bocks	bocksbeutel
BOD1	Biorientation Defective 1
Boh1	Buddy of Hmr 1
Boh2	Buddy of Hmr 2
boi	brother of ihog
boil	boilerman
bol	boule
boly	borrelly
BomBc1	Bomanin Bicipital 1
BomBc2	Bomanin Bicipital 2
BomBc3	Bomanin Bicipital 3
BomS1	Bomanin Short 1
BomS2	Bomanin Short 2
BomS3	Bomanin Short 3
BomS4	Bomanin Short 4
BomS5	Bomanin Short 5
BomS6	Bomanin Short 6
BomT1	Bomanin Tailed 1
BomT2	Bomanin Tailed 2
BomT3	Bomanin Tailed 3
bon	bonus
bond	james bond
bonsai	bonsai
Boot	Bootlegger
bora	aurora borealis
bor	belphegor
BORCS5	BLOC-1 related complex subunit 5
BORCS6	BLOC-1 related complex subunit 6
BORCS7	BLOC-1 related complex subunit 7
borr	borealin-related
boss	bride of sevenless
botv	brother of tout-velu
bou	boudin
bowl	brother of odd with entrails limited
BoYb	Brother of Yb
brat	brain tumor
br	broad
Brca2	BRCA2%2C DNA repair associated
Brd	Bearded
Bre1	Bre1
brk	brinker
brm	brahma
Brms1	BRMS1 transcriptional repressor
brn	brainiac
Bro	Brother
brp	bruchpilot
Brr2	Brr2 U5 snRNP complex subunit
bru1	bruno 1
bru2	bruno 2
bru3	bruno 3
Bruce	BIR repeat containing ubiquitin-conjugating enzyme
brun	brunelleschi
brv1	brivido-1
brv2	brivido-2
brv3	brivido-3
BRWD3	BRWD3
brwl	brickwall
bs	blistered
bsd	back seat driver
Bsg	Basigin
bsh	brain-specific homeobox
bsk	basket
bt	bent
btd	buttonhead
btl	breathless
btn	buttonless
btsz	bitesize
btv	beethoven
btz	barentsz
Bub3	Bub3
Buffy	Buffy
Bug22	Basal body up regulated gene 22
bug	bunker gear
Bulli	Bulli
bumpel	brother of rumpel
bun	bunched
bur	burgundy
Burs	Bursicon
bves	bves
bwa	brain washing
bw	brown
Bx42	Bx42
Bx	Beadex
by	blistery
byn	brachyenteron
bys	by S6
c11.1	c11.1
c12.1	c12.1
c12.2	c12.2
C15	C15
c(2)M	crossover suppressor on 2 of Manheim
c(3)G	crossover suppressor on 3 of Gowen
C901	C901
cac	cacophony
ca	claret
cact	cactus
cactin	cactin
Cad74A	Cadherin 74A
Cad86C	Cadherin 86C
Cad87A	Cadherin 87A
Cad88C	Cadherin 88C
Cad89D	Cadherin 89D
Cad96Ca	Cadherin 96Ca
Cad96Cb	Cadherin 96Cb
Cad99C	Cadherin 99C
cad	caudal
CadN2	Cadherin-N2
CadN	Cadherin-N
Cadps	Calcium-dependent secretion activator
cag	cag
cal1	chromosome alignment defect 1
CalpA	Calpain-A
CalpB	Calpain-B
CalpC	Calpain C
Calr	Calreticulin
Cals	Calsyntenin
caly	calypso
Ca-Ma2d	Ca[2+] channel Muscle-specific alpha2/delta subunit
Cam	Calmodulin
Camta	Calmodulin-binding transcription activator
CanA-14F	Calcineurin A at 14F
CanA1	Calcineurin A1
cana	CENP-ana
CanB2	Calcineurin B2
CanB	Calcineurin B
can	cannonball
Cand1	Cullin-associated and neddylation-dissociated 1
Capa	Capability
CAP	CAP
Cap-D2	CAP-D2 condensin subunit
Caper	Caper
Capr	Caprin
caps	capricious
capt	capulet
capu	cappuccino
car	carnation
CarT	Carcinine transporter
cas	castor
CASK	CASK
casp	caspar
cass	cassowary
cathD	cathepsin D
cato	cousin of atonal
Catsup	Catecholamines up
caup	caupolican
cav	caravaggio
caz	cabeza
cbc	crowded by cid
Cbl	Cbl proto-oncogene
Cbp53E	Calbindin 53E
cbt	cabut
Cby	Chibby
CCAP	Crustacean cardioactive peptide
ccb	central complex broad
Ccdc56	Mitochondrial Transcription Factor B1
CCHa1	CCHamide-1
CCHa2	CCHamide-2
Ccm3	Cerebral cavernous malformation 3
Ccn	Ccn
Ccp84Aa	Ccp84Aa
Ccp84Ab	Ccp84Ab
Ccp84Ac	Ccp84Ac
Ccp84Ad	Ccp84Ad
Ccp84Ae	Ccp84Ae
Ccp84Af	Ccp84Af
Ccp84Ag	Ccp84Ag
CCT1	Chaperonin containing TCP1 subunit 1
CCT2	Chaperonin containing TCP1 subunit 2
CCT3	Chaperonin containing TCP1 subunit 3
CCT4	Chaperonin containing TCP1 subunit 4
CCT5	Chaperonin containing TCP1 subunit 5
CCT6	Chaperonin containing TCP1 subunit 6
CCT7	Chaperonin containing TCP1 subunit 7
CCT8	Chaperonin containing TCP1 subunit 8
c-cup	calcutta cup
CCY	Coiled-Coils Y
Ccz1	Caffeine%2C calcium%2C zinc sensitivity 1
cd	cardinal
cdi	center divider
cdm	cadmus
Cec2	Cecropin 2
CecA1	Cecropin A1
CecA2	Cecropin A2
CecB	Cecropin B
CecC	Cecropin C
Cec-Psi1	Cecropin pseudogene 1
Ced-12	Ced-12
ced-6	ced-6
CenB1A	Centaurin beta 1A
Cen	Centrocortin
CenG1A	Centaurin gamma 1A
cer	crammer
cerv	cervantes
Cftr	CF transmembrane conductance regulator
CG33342	HDC15381
cg	combgap
Charon	Charon
chas	chascon
chb	chromosome bows
Chd3	Chd3
Chd64	Chd64
cher	cheerio
CHES-1-like	Checkpoint suppressor 1-like
chic	chickadee
Chi	Chip
chico	chico
chif	chiffon
chif	Hyls1 centriolar and ciliogenesis associated
chinmo	Chronologically inappropriate morphogenesis
chk	chaski
chm	chameau
chn	charlatan
CHOp24	CHOp24
chp	chaoptin
chrb	charybde
Chro	Chromator
ChT	Choline transporter
Ciao1	Ciao1
CIAPIN1	Cytokine induced apoptosis inhibitor 1
Cib2	Calcium and integrin binding family member 2
cib	ciboulot
cic	capicua
ci	cubitus interruptus
cid	centromere identifier
cin	cinnamon
cindr	CIN85 and CD2AP related
ck	crinkled
ckd	cracked
CkIIalpha-i1	CKII-alpha subunit interactor-1
CkIIalpha-i3	CKII-alpha subunit interactor-3
ckn	caskin
Claspin	Claspin
Clbn	Caliban
ClC-a	Chloride channel-a
ClC-b	Chloride channel-b
ClC-c	Chloride channel-c
cl	clot
Clic	Chloride intracellular channel
cliff	clifford
Clk	Clock
Cln3	Cln3
Cln7	Cln7
clos	closca
Clp	Clipper
clt	cricklet
clu	clueless
clumsy	clumsy
cmb	combover
cm	carmine
cmet	CENP-meta
cmpy	crimpy
Cnb	Centrobin
cnc	cap-n-collar
cn	cinnabar
CngA	Cyclic nucleotide-gated ion channel subunit A
CngB	Cyclic nucleotide-gated ion channel subunit B
Cngl	Cyclic nucleotide-gated ion channel-like
cni	cornichon
cnir	cornichon related
cnk	connector enhancer of ksr
CNMa	CNMamide
CNMaR	CNMamide Receptor
cnn	centrosomin
cno	canoe
Cnot4	CCR4-NOT transcription complex subunit 4
CNPYb	Canopy b
CNT1	Concentrative nucleoside transporter 1
CNT2	Concentrative nucleoside transporter 2
Cnx14D	Calnexin 14D
Cnx99A	Calnexin 99A
cocoon	cocoon
Cog1	Component of oligomeric golgi complex 1
Cog2	Component of oligomeric golgi complex 2
Cog3	Component of oligomeric golgi complex 3
Cog4	Component of oligomeric golgi complex 4
Cog6	Component of oligomeric golgi complex 6
Cog7	Component of oligomeric golgi complex 7
Cog8	Component of oligomeric golgi complex 8
coil	coilin
Col4a1	Collagen type IV alpha 1
cola	comas sola
cola	swift-tuttle
cold	coiled
colt	congested-like trachea
comm2	comm2
comm3	comm3
comm	commissureless
comr	cookie monster
comt	comatose
cona	corona
Con	Connectin
Cont	Contactin
conu	conundrum
conv	convoluted
Coop	Corepressor of Pangolin
Coq3	Coenzyme Q3
Coq4	Coenzyme Q4
Coq5	Coenzyme Q5
Coq6	Coenzyme Q6
Coq7	Coenzyme Q7
Coq8	Coenzyme Q8
Coq9	Coenzyme Q9
cora	coracle
CoRest	CoRest
Corin	Corin
corn	cornetto
coro	Coronin
corolla	corolla
Corp	Companion of reaper
Cortactin	Cortactin
cort	cortex
corto	corto
cos	costa
Cow	Carrier of Wingless
Cph	Chronophage
Cpn	Calphotin
cpo	couch potato
cpx	complexin
crb	crumbs
crc	cryptocephal
Crg-1	Circadianly Regulated Gene
crim	crimpled
Crk	Crk oncogene
crm	cramped
crn	crooked neck
croc	crocodile
crok	crooked
crol	crooked legs
crp	cropped
crq	croquemort
Crtc	CREB-regulated transcription coactivator
cry	cryptochrome
Crys	Crystallin
Crz	Corazonin
Cse1	Chromosome segregation 1
Csl4	Csl4
CSN1a	COP9 signalosome subunit 1a
CSN1b	COP9 signalosome subunit 1b
CSN3	COP9 signalosome subunit 3
CSN4	COP9 signalosome subunit 4
CSN5	COP9 signalosome subunit 5
CSN6	COP9 signalosome subunit 6
CSN7	COP9 signalosome subunit 7
CSN8	COP9 signalosome subunit 8
csul	capsuleen
csw	corkscrew
cta	concertina
CTCF	CTCF
ct	cut
Ctf4	Chromosome transmission fidelity 4
Ctl1	Choline transporter-like 1
Ctl2	Choline transporter-like 2
Ctns	Cystinosin
ctp	cut up
Ctr1A	Copper transporter 1A
Ctr1B	Copper transporter 1B
Ctr1C	Copper transporter 1C
Ctr9	Ctr9
ctrip	circadian trip
CtsB	Cathepsin B
CtsF	Cathepsin F
CtsK1	Cathepsin K1
CtsK2	Cathepsin K2
CtsL1	Cathepsin L1
CtsL2	Cathepsin L2
CtsL3	Cathepsin L3
CtsL4	Cathepsin L4
Cubn2	Cubilin 2
Cubn	Cubilin
cu	curled
cue	cueball
cuff	cutoff
Cul1	Cullin 1
Cul2	Cullin 2
Cul3	Cullin 3
Cul4	Cullin 4
Cul5	Cullin 5
Cul6	Cullin 6
cup	cup
cutlet	cutlet
cv-2	crossveinless 2
cv-c	crossveinless c
cv	crossveinless
cv-d	crossveinless d
Cwc25	Cwc25
cwo	clockwork orange
CycA	Cyclin A
CycB3	Cyclin B3
CycB	Cyclin B
CycC	Cyclin C
cyc	cycle
CycD	Cyclin D
CycE	Cyclin E
CycG	Cyclin G
CycH	Cyclin H
CycJ	Cyclin J
CycK	Cyclin K
CycT	Cyclin T
CycY	Cyclin Y
CYLD	Cylindromatosis
Cyp1	Cyclophilin 1
cyp33	cyclophilin-33
Cyp40	Cyclophilin 40
Cyp6a15Psi	Cyp6a15Psi
Cyp6t2Psi	Cyp6t2Psi
cype	cyclope
Cypl	Cyclophilin-like
cyr	cypher
Cys	Cystatin-like
cyst	cysts
cysu	Curly Su
D12	D12
D19A	D19A
D19B	D19B
d4	d4
DAAM	Dishevelled Associated Activator of Morphogenesis
Dab	Disabled
dac	dachshund
dachs	dachs
Dad1	Defender against apoptotic cell death 1
da	daughterless
Dad	Daughters against dpp
daed	daedalus
dah	discontinuous actin hexagon
dally	division abnormally delayed
dan	distal antenna
danr	distal antenna-related
dany	distal antenna-young
dao	down and out
dap	dacapo
dar1	dendritic arbor reduction 1
dare	defective in the avoidance of repellents
Dark	Death-associated APAF1-related killer
DAT	Dopamine transporter
dati	datilografo
daw	dawdle
dbe	dribble
dbf	doublefault
dbo	diablo
dbr	debra
Dbx	Dbx
dcma	decima
dco	discs overgrown
Dcps	Decapping enzyme%2C scavenger
Dcr-1	Dicer-1
Dcr-2	Dicer-2
DCTN1-p150	Dynactin 1%2C p150 subunit
DCTN2-p50	Dynactin 2%2C p50 subunit
DCTN3-p24	Dynactin 3%2C p24 subunit
DCTN4-p62	Dynactin 4%2C p62 subunit
DCTN5-p25	Dynactin 5%2C p25 subunit
DCTN6-p27	Dynactin 6%2C p27 subunit
d-cup	davis-cup
ddbt	deadbeat
Dd	Dullard
D	Dichaete
Ddx1	Dead-box-1
Debcl	Death executioner Bcl-2
dec	defective chorion
DEF8	differentially expressed in FDCP 8 homolog
Def	Defensin
defl	deflated
Dek	Dek
del	deadlock
Delta	Delta
deltaTry	deltaTrypsin
Der-1	Derlin-1
Der-2	Derlin-2
Desi	Desiccate
Det	Deterin
Dfd	Deformed
Dg	Dystroglycan
dgo	diego
Dgp-1	Dgp-1
dgrn	degringolade
dgt1	dim gamma-tubulin 1
dgt2	dim gamma-tubulin 2
dgt3	dim gamma-tubulin 3
dgt4	dim gamma-tubulin 4
dgt5	dim gamma-tubulin 5
dgt6	dim gamma-tubulin 6
Dh31	Diuretic hormone 31
Dh31-R	Diuretic hormone 31 Receptor
Dh44	Diuretic hormone 44
dhd	deadhead
Dhit	Double hit
dia	diaphanous
Diap1	Death-associated inhibitor of apoptosis 1
Diap2	Death-associated inhibitor of apoptosis 2
dib	disembodied
Dic1	Dicarboxylate carrier 1
Dic2	Dicarboxylate carrier 2
Dic3	Dicarboxylate carrier 3
Dic4	Dicarboxylate carrier 4
didum	dilute class unconventional myosin
Diedel2	Diedel 2
Diedel3	Diedel 3
Diedel	Diedel
dikar	dikar
dila	dilatory
Dim1	Dim1
dimm	dimmed
dind	diamond
Dis3	Dis3
disco	disconnected
disco-r	disco-related
disp	dispatched
DJ-1alpha	DJ-1alpha
dj-1beta	dj-1beta
dj	don juan
djl	don juan like
dl	dorsal
dlg1	discs large 1
Dlg5	Discs large 5
Dlish	Dachs ligand with SH3s
Dll	Distal-less
dlp	dally-like
dls	daedalus on 3
dlt	discs lost
dmGlut	Dietary and metabolic glutamate transporter
dmpd	dampened
dmrt11E	doublesex-Mab related 11E
dmrt93B	doublesex-Mab related 93B
dmrt99B	doublesex-Mab related 99B
dmt	dalmatian
Dmtn	Dementin
DnaJ-1	DnaJ-like-1
DnaJ-60	DnaJ-like-60
DnaJ-H	DnaJ homolog
dnc	dunce
dnd	dead end
dnr1	defense repressor 1
dnt	doughnut on 2
Doa	Darkener of apricot
dob	doppelganger von brummer
Doc1	Dorsocross1
Doc2	Dorsocross2
Doc3	Dorsocross3
dock	dreadlocks
dod	dodo
dom	domino
dome	domeless
dop	drop out
Dora	Dorado
dor	deep orange
dos	daughter of sevenless
dpa	disc proliferation abnormal
DPCoAC	Dephosphocoenzyme A carrier
Dph1	Diphthamide biosynthesis 1
Dph2	Diphthamide biosynthesis 2
Dph3	Diphthamide biosynthesis 3
Dph4	Diphthamide biosynthesis 4
dpn	deadpan
dpp	decapentaplegic
dpr10	defective proboscis extension response 10
dpr11	defective proboscis extension response 11
dpr12	defective proboscis extension response 12
dpr13	defective proboscis extension response 13
dpr14	defective proboscis extension response 14
dpr15	defective proboscis extension response 15
dpr16	defective proboscis extension response 16
dpr17	defective proboscis extension response 17
dpr18	defective proboscis extension response 18
dpr19	defective proboscis extension response 19
dpr1	defective proboscis extension response 1
dpr20	defective proboscis extension response 20
dpr21	defective proboscis extension response 21
dpr2	defective proboscis extension response 2
dpr3	defective proboscis extension response 3
dpr4	defective proboscis extension response 4
dpr5	defective proboscis extension response 5
dpr6	defective proboscis extension response 6
dpr7	defective proboscis extension response 7
dpr8	defective proboscis extension response 8
dpr9	defective proboscis extension response 9
DptA	Diptericin A
DptB	Diptericin B
Dpy-30L1	Dpy-30-like 1
Dpy-30L2	Dpy-30-like 2
dpy	dumpy
drd	drop dead
Dr	Drop
dre4	dre4
Dred	Dctn1-related
Drgx	Dorsal root ganglia homeobox
Drip	Drip
Drl-2	Derailed 2
drl	derailed
drm	drumstick
drn	doctor no
Dro	Drosocin
Droj2	DnaJ-like-2
drongo	drongo
drosha	drosha
drpr	draper
Drs	Drosomycin
Drsl1	Drosomycin-like 1
Drsl2	Drosomycin-like 2
Drsl3	Drosomycin-like 3
Drsl4	Drosomycin-like 4
Drsl5	Drosomycin-like 5
Drsl6	Drosomycin-like 6
dsb	debris buster
Dscam1	Down syndrome cell adhesion molecule 1
Dscam2	Down syndrome cell adhesion molecule 2
Dscam3	Down syndrome cell adhesion molecule 3
Dscam4	Down syndrome cell adhesion molecule 4
ds	dachsous
dsd	distracted
dsf	dissatisfaction
dsh	dishevelled
Dsk	Drosulfakinin
Dso1	Daisho1
Dso2	Daisho2
Dsor1	Downstream of raf1
dsx-c73A	doublesex cognate 73A
dsx	doublesex
Dtg	Dpp target gene
dtn	detonator
Duba	Deubiquitinating enzyme A
DUBAI	Deubiquitinating apoptotic inhibitor
dunk	disrupted underground network
Dup99B	Ductus ejaculatorius peptide 99B
dup	double parked
dve	defective proventriculus
dwg	deformed wings
dx	deltex
Dyb	Dystrobrevin
dy	dusky
dyl	dusky-like
Dyro	Dpt-YFP repressor by overexpression
Dysb	Dysbindin
dysc	dyschronic
Dys	Dystrophin
dysf	dysfusion
dyw	daywake
E23	Early gene at 23
E5	E5
Eaat1	Excitatory amino acid transporter 1
Eaat2	Excitatory amino acid transporter 2
ea	easter
eag	ether a go-go
ear	ENL/AF9-related
eas	easily shocked
east	enhanced adult sensory threshold
eater	eater
Eato	Engulfment ABC Transporter in the ovary
Eb1	Eb1
ebd1	earthbound 1
ebd2	earthbound 2
ebi	ebi
ebo	ellipsoid body open
E(bx)	Enhancer of bithorax
eca	eclair
ecd	ecdysoneless
ec	echinus
eco	Establishment of cohesion
ECSIT	ECSIT
Ect3	Ectoderm-expressed 3
ect	ectodermal
Edc3	Enhancer of decapping 3
ed	echinoid
Edg78E	Ecdysone-dependent gene 78E
Edg84A	Ecdysone-dependent gene 84A
Edg91	Ecdysone-dependent gene 91
edin	elevated during infection
e	ebony
eff	effete
Efr	ER GDP-fucose transporter
eg	eagle
egg	eggless
egh	egghead
egl	egalitarian
Eglp1	Entomoglyceroporin 1
Eglp2	Entomoglyceroporin 2
Eglp3	Entomoglyceroporin 3
Eglp4	Entomoglyceroporin 4
Egm	Enigma
egr	eiger
Eh	Eclosion hormone
Eig71Ea	Ecdysone-induced gene 71Ea
Eig71Eb	Ecdysone-induced gene 71Eb
Eig71Ec	Ecdysone-induced gene 71Ec
Eig71Ed	Ecdysone-induced gene 71Ed
Eig71Ee	Ecdysone-induced gene 71Ee
Eig71Ef	Ecdysone-induced gene 71Ef
Eig71Eg	Ecdysone-induced gene 71Eg
Eig71Eh	Eig71Eh
Eig71Ei	Eig71Ei
Eig71Ej	Eig71Ej
Eig71Ek	Eig71Ek
Elal	Elastin-like
elav	embryonic lethal abnormal vision
Elba1	Early boundary activity 1
Elba2	Early boundary activity 2
Elba3	Early boundary activity 3
elB	elbow B
elfless	elfless
elg1	enhanced level of genomic instability 1
elgi	early girl
Elk	Eag-like K[+] channel
elm	ethanol sensitive with low memory
EloA	Elongin A
EloB	Elongin B
EloC	Elongin C
ema	endosomal maturation defective
emb	embargoed
emc	extra macrochaetae
emei	emei
EMRE	Essential MCU regulator
ems	empty spiracles
ena	enabled
enc	encore
EndoA	Endophilin A
EndoB	Endophilin B
endos	endosulfine
en	engrailed
enok	enoki mushroom
ens	ensconsin
Ent1	Equilibrative nucleoside transporter 1
Ent2	Equilibrative nucleoside transporter 2
Ent3	Equilibrative nucleoside transporter 3
E(Pc)	Enhancer of Polycomb
Ephrin	Ephrin
epsilonTry	epsilonTrypsin
Ercc1	Ercc1
e(r)	enhancer of rudimentary
ergic53	ergic53
erm	earmuff
Ero1L	Endoplasmic reticulum oxidoreductin-1-like
ERp60	Endoplasmic reticulum p60
Es2	Es2
esc	extra sexcombs
escl	escl
esg	escargot
esn	espinas
Esp	Epidermal stripes and patches
E(spl)m2-BFM	Enhancer of split m2%2C Bearded family member
E(spl)m4-BFM	Enhancer of split m4%2C Bearded family member
E(spl)m6-BFM	Enhancer of split m6%2C Bearded family member
E(spl)malpha-BFM	Enhancer of split malpha%2C Bearded family member
etaTry	etaTrypsin
et	eye transformer
ETH	Ecdysis triggering hormone
ETHR	ETHR
Etl1	Etl1
Ets21C	Ets at 21C
Ets65A	Ets at 65A
Ets96B	Ets96B
Ets97D	Ets at 97D
Ets98B	Ets at 98B
euc	eucalyptus
E(var)3-9	Enhancer of variegation 3-9
eve	even skipped
Evi5	Ecotropic viral integration site 5
ewg	erect wing
exd	extradenticle
exex	extra-extra
ex	expanded
Exn	Ephexin
Exo70	Exocyst 70
Exo84	Exocyst 84
exp	expansion
exu	exuperantia
e(y)2b	enhancer of yellow 2b
e(y)2	enhancer of yellow 2
e(y)3	enhancer of yellow 3
eya	eyes absent
ey	eyeless
eyg	eyegone
eys	eyes shut
E(z)	Enhancer of zeste
fabp	scheggia
Fad2	Fad2
faf	fat facets
fal	falten
FAM21	Family with sequence similarity 21
Fancd2	Fancd2
FANCI	Fanconi anemia complementation group I
Fancl	Fancl
fand	fandango
fan	farinelli
Fas1	Fasciclin 1
Fas2	Fasciclin 2
Fas3	Fasciclin 3
fat-spondin	fat-spondin
fau	fau
fax	failed axon connections
fbl	fumble
Fbxl4	F box and leucine-rich-repeat gene 4
f-cup	flyers-cup
fdl	fused lobes
Fdx1	Ferredoxin 1
Fdx2	Ferredoxin 2
FDY	flagrante delicto Y
Fem-1	Fem-1
Femcoat	Femcoat
fend	forked end
feo	fascetto
Fer1	48 related 1
Fer2	48 related 2
Fer3	48 related 3
fest	wurstfest
f	forked
fh	frataxin
Fib	Fibrillarin
Fibp	Fibp
fid	fire dancer
fidipidine	fidipidine
Fie	Fire exit
Fife	Fife
fig	fos intronic gene
Fign	Fidgetin
Fili	Fish-lips
Fim	Fimbrin
FipoQ	F-box involved in polyQ pathogenesis
firl	firelighter
Fis1	Fission%2C mitochondrial 1
Fit1	Fermitin 1
Fit2	Fermitin 2
fit	female-specific independent of transformer
fiz	fezzik
fj	four-jointed
fkh	fork head
fl(2)d	female lethal d
Flacc	Fl(2)d-associated complex component
flap	flapper
flfl	falafel
fliI	flightless I
flip	flippy
fln	flightin
Flo1	Flotillin 1
Flo2	Flotillin 2
flr	flare
flw	flapwing
flz	filzig
FMRFa	FMRFamide
FMRFaR	FMRFamide Receptor
fmt	fiery mountain
fne	found in neurons
fng	fringe
fog	folded gastrulation
foi	fear-of-intimacy
fok	fledgling of Klp38B
fon	fondue
for	foraging
form3	formin 3
FoxK	Forkhead box K
FoxL1	Forkhead box L1
foxo	forkhead box%2C sub-group O
FoxP	Forkhead box P
frac	faulty attraction
fra	frazzled
fray	frayed
frc	fringe connection
fred	friend of echinoid
FRG1	FSHD region gene 1
frj	farjavit
Frl	Formin-like
frma	fra mauro
frm	farmer
Frq1	Frequenin 1
Frq2	Frequenin 2
frtz	fritz
fru	fruitless
fry	furry
fs(1)h	female sterile (1) homeotic
fs(1)K10	female sterile (1) K10
fs(1)M3	female sterile (1) M3
fs(1)N	female sterile (1) Nasrat
fs(1)Ya	female sterile (1) Young arrest
fs(1)Yb	female sterile (1) Yb
Fs(2)Ket	Female sterile (2) Ketel
fs(2)ltoPP43	female sterile (2) ltoPP43
fsd	fates-shifted
Fs	Follistatin
Fst	Frost
ft	fat
ftz	fushi tarazu
fu	fused
#full google drive
Fur1	Furin 1
Fur2	Furin 2
fus	fusilli
fusl	fuseless
fuss	fussel
futsch	futsch
fwd	four wheel drive
fwe	flower
fw	furrowed
fws	four way stop
fy	fuzzy
fz2	frizzled 2
fz3	frizzled 3
fz4	frizzled 4
fz	frizzled
fzo	fuzzy onions
fzr2	fizzy-related 2
fzr	fizzy-related
fzy	fizzy
G9a	G9a
GAA1	Glycosylphosphatidylinositol anchor attachment 1
GABPI	beta4GalNAcTB pilot
Gadd45	Growth arrest and DNA damage-inducible 45
Gagr	Gag-related
galectin	galectin
galene	galene
galla-1	galla-1
galla-2	galla-2
gammaTry	gammaTrypsin
gammaTub23C	gamma-Tubulin at 23C
gammaTub37C	gamma-Tubulin at 37C
Gart	GART trifunctional enzyme
garz	gartenzwerg
Gas41	Gas41
gas	gasoline
Gasp	Gasp
Gasz	Gasz
GATAd	GATAd
GATAe	GATAe
Gat	GABA transporter
gbb	glass bottom boat
gb	genderblind
Gbp1	Growth-blocking peptide 1
Gbp2	Growth-blocking peptide 2
Gbp3	Growth-blocking peptide 3
Gbs-70E	Glycogen binding subunit 70E
Gbs-76A	Glycogen binding subunit 76A
GC1	Glutamate Carrier 1
GC2	Glutamate Carrier 2
gce	germ cell-expressed bHLH-PAS
gcl	germ cell-less
gcm2	gcm2
gcm	glial cells missing
Gcn2	Gcn2
Gdap1	Gdap1
Gdap2	Gdap2
gd	gastrulation-defective
Gdi	GDP dissociation inhibitor
gdl	gonadal
gdl-ORF39	gdl-ORF39
gdrd	goddard
Ge-1	Ge-1
gek	genghis khan
geko	geko
Gel	Gelsolin
Gem2	Gemin 2
Gem3	Gemin 3
Gem4b	Gemin 4b
Gem4c	Gemin 4c
gem	gemini
geminin	geminin
g	garnet
ghi	ghiberti
gig	gigas
Gip	GIP-like
Girdin	Girdin
gish	gilgamesh
gkt	glaikit
GLaz	Glial Lazarillo
glec	gliolectin
gl	glass
Gli	Gliotactin
glob1	globin 1
glob2	globin 2
glob3	globin 3
glo	glorund
Glos	Gaulos
Glt	Glutactin
GluClalpha	Glutamate-gated chloride channel subunit alpha
glu	gluon
Glut1	Glucose transporter 1
Glut3	Glucose transporter type 3
GlyT	Glycine transporter
GNBP-like3	GNBP-like 3
gnu	giant nuclei
gny	garnysstan
goe	gone early
gogo	golden goal
Golgin104	Golgin 104
Golgin245	Golgin-245
Golgin84	Golgin-84
Golgin97	Golgin 97
gol	goliath
gom	gomdanji
Gorab	Golgin%2C RAB6 interacting
Gos28	Golgi SNARE%2C 28 kDa
Gp150	Gp150
GPHR	Golgi pH Regulator
gpp	grappa
gprs	gprs
Grasp65	Grasp65
grau	grauzone
#grep -v lncRNA|grep -v snoRNA|grep -v Su\(Ste\)|grep -v Male-specific|grep -v receptor|grep -v Zinc|grep -v antisense|grep -v ase|grep -v chain|grep -v factor|grep -v nuclear|grep -v loop|grep -v -i protein|grep -v RNA|grep -v Cell|grep -v Ste:|grep -v domain|grep -v Cytochrome|grep -v polypep|less|grep -v His
grh	grainy head
grim	grim
Grip128	Grip128
Grip163	Grip163
Grip71	Grip71
Grip75	Grip75
grk	gurken
grnd	grindelwald
grn	grain
gro	groucho
Grp170	Grp170 co-chaperone
grp	grapes
grsm	granny smith
Grx1	Glutaredoxin 1
Grx1t	Glutaredoxin 1%2C testis-specific
Grx3	Glutaredoxin 3
Grx5	Glutaredoxin 5
gry	gryzun
Gs1l	GS1-like
gsb	gooseberry
gsb-n	gooseberry-neuro
Gsc	Goosecoid
gskt	gasket
gt	giant
gudu	gudu
Gug	Grunge
gukh	GUK-holder
gus	gustavus
GV1	GV1
gw	gawky
gwl	greatwall
GXIVsPLA2	GXIVsPLA2
Gyf	Gigyf
Gyg	Glycogenin
H15	H15
haf	hattifattener
Hakai	Hakai
hale	hale-bopp
halo	halo
ham	hamlet
Hand	Hand
hang	hangover
Haspin	Haspin
Hayan	Hayan
hay	haywire
hb	hunchback
hbn	homeobrain
HBS1	HBS1
hbs	hibris
hbt	headbutt
h-cup	heineken-cup
hd	humpty dumpty
hdly	hadley
hdm	hold'em
hebe	hebe
hec	hector
He	Hemese
heix	heixuedian
hemo	hemotin
hep	hemipterous
heph	hephaestus
her	hermaphrodite
Hesr	HES-related
Hexim	Hexamethylene bisacetamide inducible
Hey	Hairy/E(spl)-related with YRPW motif
Hez	Hezron
Hf	Helical Factor
hfp	half pint
hfw	halfway
HGTX	HGTX
H	Hairless
HHEX	Hematopoietically expressed homeobox
hh	hedgehog
hid	head involution defective
hig	hikaru genki
Hil	Hillarin
Him	Holes in muscle
Hira	Hira
hiro	highroad
hiw	highwire
hkb	huckebein
Hk	Hyperkinetic
HLH54F	HLH54F
hlk	hulk
hll	heimdall
Hml	Hemolectin
Hmr	Hybrid male rescue
Hmu	Hemomucin
hmw	hemingway
Hmx	H6-like-homeobox
hng1	hinge1
hng2	hinge2
hng3	hinge3
Hn	Henna
hob	hobbit
hoe1	hoepel1
hoe2	hoepel2
hog	hog
hoip	hoi-polloi
hoka	hoka
holn1	hole-in-one
homer	homer
hook	hook
hop	hopscotch
Hou	Houki
how	held out wings
hpo	hippo
hppy	happyhour
Hpr1	Hpr1
HPS1	Hermansky-Pudlak Syndrome 1
HPS4	Hermansky-Pudlak Syndrome 4
hrg	hiiragi
hrm	hermes
hry	hairy
Hsp67Ba	Heat shock gene 67Ba
Hsp67Bc	Heat shock gene 67Bc
hth	homothorax
htk	hat-trick
htl	heartless
hts	hu li tai shao
htt	huntingtin
#https://docs.google.com/spreadsheets/d/1ZpqZ3vVJ3ZIfdENLjeK0O7AYPewleSQ7ybT7DtotLK0/edit#gid=0
hubl	hug-bell
hubl	spacewatch
Hug	Hugin
Hus1-like	Hus1-like
hwt	heavyweight
Hyccin	Hyccin
hyd	hyperplastic discs
hydra	hydra
Hyls1	chiffon
Hyls1	Hyls1 centriolar and ciliogenesis associated
hyx	hyrax
hzg	herzog
I-2	Inhibitor-2
I-3	Inhibitor-3
iav	inactive
IBIN	Induced by Infection
ICA69	Islet cell autoantigen 69 kDa
Ice1	Interacts with the C terminus of ELL 1
Ice2	Interacts with the C terminus of ELL 2
ich	ichor
icln	icln
ics	icarus
ida	imaginal discs arrested
idc	identity crisis
Idit	Iditarod
ifc	infertile crescent
if	inflated
Ifrd1	Interferon-related developmental regulator 1
IFT20	Intraflagellar transport 20
IFT43	Intraflagellar transport 43
IFT46	Intraflagellar transport 46
IFT52	Intraflagellar transport 52
IFT54	Intraflagellar transport 54
IFT57	Intraflagellar transport 57
igl	igloo
Ih	I[[h]] channel
ihog	interference hedgehog
Ilp1	Insulin-like peptide 1
Ilp2	Insulin-like peptide 2
Ilp3	Insulin-like peptide 3
Ilp4	Insulin-like peptide 4
Ilp5	Insulin-like peptide 5
Ilp6	Insulin-like peptide 6
Ilp7	Insulin-like peptide 7
Ilp8	Insulin-like peptide 8
IM18	Immune induced molecule 18
IM33	Immune induced molecule 33
ima	immune active
imd	immune deficiency
Impbeta11	Importin beta11
ImpE1	Ecdysone-inducible gene E1
ImpE2	Ecdysone-inducible gene E2
ImpE3	Ecdysone-inducible gene E3
ImpL1	Ecdysone-inducible gene L1
ImpL2	Ecdysone-inducible gene L2
inaC	inactivation no afterpotential C
inaD	inactivation no afterpotential D
inaE	inactivation no afterpotential E
inaF-A	inaF-A
inaF-B	inaF-B
inaF-C	inaF-C
inaF-D	inaF-D
inc	insomniac
ind	intermediate neuroblasts defective
indra	indra
Indy-2	I'm not dead yet 2
Indy	I'm not dead yet
ine	inebriated
Ing3	Inhibitor of growth family%2C member 3
Ing5	Inhibitor of growth family member 5
in	inturned
Ino80	INO80 complex subunit
insb	insensible
insc	inscuteable
insv	insensitive
intr	intrepid
IntS10	Integrator 10
IntS11	Integrator 11
IntS12	Integrator 12
IntS14	Integrator 14
IntS1	Integrator 1
IntS2	Integrator 2
IntS3	Integrator 3
IntS4	Integrator 4
IntS6	Integrator 6
IntS8	Integrator 8
IntS9	Integrator 9
Invadolysin	Invadolysin
inv	invected
Inx2	Innexin 2
Inx3	Innexin 3
Inx5	Innexin 5
Inx6	Innexin 6
Inx7	Innexin 7
iotaTry	iotaTrypsin
Ipo9	Importin 9
Ire1	Inositol-requiring enzyme-1
Iris	Iris
Irk1	Inwardly rectifying potassium channel 1
Irk2	Inwardly rectifying potassium channel 2
Irk3	Inwardly rectifying potassium channel 3
Iru	Iruka
IscU	Iron-sulfur cluster assembly enzyme
Iswi	Imitation SWI
ItgaPS4	Integrin alphaPS4 subunit
ItgaPS5	Integrin alphaPS5 subunit
Itgbn	Integrin betanu subunit
I-t	inhibitor-t
ITP	Ion transport peptide
ix	intersex
Jabba	Jabba
jagn	jagunal
janA	janus A
janB	janus B
jar	jaguar
jb	jean-baptiste
jbug	jitterbug
jdp	jdp
jeb	jelly belly
jef	jet fuel
jet	jetlag
JhI-21	Juvenile hormone Inducible-21
Jig	Jig
jigr1	jing interacting gene regulatory 1
jim	jim
jing	jing
Jon25Biii	Jonah 25Biii
Jon25Bii	Jonah 25Bii
Jon25Bi	Jonah 25Bi
Jon44E	Jonah 44E
Jon65Aiii	Jonah 65Aiii
Jon65Aii	Jonah 65Aii
Jon65Ai	Jonah 65Ai
Jon65Aiv	Jonah 65Aiv
Jon66Cii	Jonah 66Cii
Jon66Ci	Jonah 66Ci
Jon74E	Jonah 74E
Jon99Ciii	Jonah 99Ciii
Jon99Cii	Jonah 99Cii
Jon99Ci	Jonah 99Ci
Jon99Fii	Jonah 99Fii
Jon99Fi	Jonah 99Fi
jp	junctophilin
Jra	Jun-related antigen
js	jiangshi
jtb	jetboil
JTBR	JTBR
jumu	jumeau
Jupiter	Jupiter
jus	julius seizure
jv	javelin
jvl	javelin-like
Jwa	Jwa
JYalpha	JYalpha
Kah	Kahuli
kairos	kairos
Kal1	Kallmann syndrome 1
Kank	Kank
Kap-alpha1	karyopherin alpha1
Kap-alpha3	karyopherin alpha3
kappaB-Ras	kappaB-Ras
kappaTry	kappaTry
kar	karmoisin
Karl	Karl
karr	karr
Karybeta3	Karyopherin beta 3
Kat60	Katanin 60
kat-60L1	katanin p60-like 1
kat80	katanin 80
kay	kayak
Kaz1-ORFA	Kaz1-ORFA
Kaz1-ORFB	Kaz1-ORFB
Kaz	Katazuke
kcc	kazachoc
KCNQ	KCNQ potassium channel
Keap1	Keap1
kek1	kekkon 1
kek2	kekkon 2
kek3	kekkon 3
kek4	kekkon 4
kek5	kekkon 5
kek6	kekkon 6
kel	kelch
ken	ken and barbie
kermit	kermit
key	kenny
kibra	kibra
Kif19A	Kinesin family member 19A
Kif3C	Kinesin family member 3C
kin17	kin17
kipf	kipferl
kirre	kin of irre
kis	kismet
kkv	krotzkopf verkehrt
klar	klarsicht
klg	klingon
klhl10	kelch like family member 10
KLHL18	Kelch like family member 18
klu	klumpfuss
kmg	kumgang
Kmn1	kinetochore Mis12-Ndc80 network component 1
Kmn2	kinetochore Mis12-Ndc80 network component 2
kmr	kramer
kni	knirps
knk	knickkopf
kn	knot
knon	knotted onions
knrl	knirps-like
koi	klaroid
ko	knockout
koko	kokopelli
kon	kon-tiki
Kots	Kotsubu
KP78a	KP78a
KP78a	KP78b
KP78b	KP78a
KP78b	KP78b
Kpc1	Kip1 ubiquitination-promoting complex subunit 1
Kpc2	Kip1 ubiquitination-promoting complex subunit 2
kraken	kraken
kra	krasavietz
Kr-h1	Kruppel homolog 1
Kr-h2	Kruppel homolog 2
kri	krishah
krimp	krimper
Kr	Kruppel
Krn	Keren
KrT95D	Krueppel target at 95D
krz	kurtz
ksh	kish
kst	karst
Ktch	Ketchup
Ktl	Kctd12-like
kto	kohtalo
ktub	king tubby
Ku80	Ku80
Kua	Kua
kud	kuduk
kug	kugelei
kuk	kugelkern
Kul	Kuzbanian-like
kumpel	kin of rumpel
kune	kune-kune
kuz	kuzbanian
kz	kurz
l(1)10Bb	lethal (1) 10Bb
l(1)G0004	lethal (1) G0004
l(1)G0020	lethal (1) G0020
l(1)G0196	lethal (1) G0196
l(1)G0289	lethal (1) G0289
l(1)G0320	lethal (1) G0320
l(1)G0469	lethal (1) G0469
l(1)sc	lethal of scute
l(2)03659	lethal (2) 03659
l(2)05287	lethal (2) 05287
l(2)05714	lethal (2) 05714
l(2)09851	lethal (2) 09851
l(2)10685	lethal (2) 10685
l(2)34Fc	lethal (2) 34Fc
l(2)34Fd	lethal (2) 34Fd
l(2)37Bb	lethal (2) 37Bb
l(2)37Cb	lethal (2) 37Cb
l(2)37Cd	lethal (2) 37Cd
l(2)41Ab	lethal (2) 41Ab
l(2)dtl	lethal-(2)-denticleless
l(2)efl	lethal (2) essential for life
l(2)gd1	lethal (2) giant discs 1
l(2)gl	lethal (2) giant larvae
l(2)k01209	lethal (2) k01209
l(2)k05819	lethal (2) k05819
l(2)k05911	lethal (2) k05911
l(2)k09022	lethal (2) k09022
l(2)k09848	lethal (2) k09848
l(2)k09913	lethal (2) k09913
l(2)k10201	lethal (2) k10201
l(2)k14505	lethal (2) k14505
l(2)SH0834	lethal (2) SH0834
l(3)04053	lethal (3) 04053
l(3)05822	lethal (3) 05822
l(3)07882	lethal (3) 07882
l(3)72Dn	lethal (3) 72Dn
l(3)72Dp	lethal (3) 72Dp
l(3)72Dr	lethal (3) 72Dr
l(3)73Ah	lethal (3) 73Ah
l(3)76BDm	lethal (3) 76BDm
l(3)80Fg	lethal (3) 80Fg
l(3)80Fj	lethal (3) 80Fj
l(3)87Df	lethal (3) 87Df
l(3)L1231	lethal (3) L1231
l(3)mbn	lethal (3) malignant blood neoplasm
l(3)mbt	lethal (3) malignant brain tumor
l(3)neo38	lethal (3) neo38
l(3)neo43	lethal (3) neo43
l(3)psg2	lethal (3) persistent salivary gland 2
lab	labial
lace	lace
Lac	Lachesin
La	La autoantigen-like
lama	lamina ancestor
lambdaTry	lambdaTry
LamC	Lamin C
Lam	Lamin
Lamp1	Lamp1
Lamtor1	Late endosomal/lysosomal adaptor%2C MAPK and MTOR activator 1
Lamtor2	Late endosomal/lysosomal adaptor%2C MAPK and MTOR activator 2
Lamtor3	Late endosomal/lysosomal adaptor%2C MAPK and MTOR activator 3
Lamtor4	Late endosomal/lysosomal adaptor%2C MAPK and MTOR activator 4
Lamtor5	Late endosomal/lysosomal adaptor%2C MAPK and MTOR activator 5
LanA	Laminin A
LanB1	LanB1
LanB2	Laminin B2
Lap1	Lap1
lap	like-AP180
lark	lark
Lar	Leukocyte-antigen-related-like
Lasp	Lasp
lawc	leg arista wing complex
laza	lazaro
lbe	ladybird early
lbk	lambik
lbl	ladybird late
lbm	late bloomer
Lcch3	Ligand-gated chloride channel homolog 3
Lcp65Aa	Lcp65Aa
Lcp65Ab1	Lcp65Ab1
Lcp65Ab2	Lcp65Ab2
Lcp65Ac	Lcp65Ac
Lcp65Ad	Lcp65Ad
Lcp65Ae	Lcp65Ae
Lcp65Af	Lcp65Af
Lcp65Ag1	Lcp65Ag1
Lcp65Ag2	Lcp65Ag2
Lcp65APsi	Lcp65APsi
lcs	la costa
ldbr	lariat debranching enzyme
ldd	lipid droplet defective
lds	lodestar
Leash	Leash
lectin-21Ca	lectin-21Ca
lectin-21Cb	lectin-21Cb
lectin-22C	lectin-22C
lectin-24A	lectin-24A
lectin-24Db	lectin-24Db
lectin-28C	lectin-28C
lectin-29Ca	lectin-29Ca
lectin-30A	lectin-30A
lectin-33A	lectin-33A
lectin-37Da	lectin-37Da
lectin-37Db	lectin-37Db
lectin-46Ca	lectin-46Ca
lectin-46Cb	lectin-46Cb
Lectin-galC1	Galactose-specific C-type lectin
levy	levy
Lfg	Lifeguard
lft	lowfat
lgs	legless
Lhr	Lethal hybrid rescue
lic	licorne
lig	lingerer
lili	lilipod
lilli	lilliputian
Lim1	LIM homeobox 1
Lim3	Lim3
Lime	Linking immunity and metabolism
lin-28	lin-28
lin-52	lin-52
link	link
lin	lines
Lint-O	L(3)mbt interactor in ovarian somatic cells
Liprin-alpha	Liprin-alpha
Liprin-beta	Liprin-beta
Liprin-gamma	Liprin-gamma
Lis-1	Lissencephaly-1
Listericin	Listericin
List	Lithium-inducible SLC6 transporter
Lk	Leucokinin
lky	leaky
L	Lobe
lmd	lame duck
lmgA	lemming A
lmgA	lemming B
lmgB	lemming A
lmgB	lemming B
Lmpt	Limpet
lms	lateral muscles scarcer
Lnk	Lnk
Lnpk	Lunapark
loaf	lost and found
lobo	lost boys
loco	locomotion defects
loh	lonely heart
loj	logjam
lok	loki
lolal	lola like
lola	longitudinals lacking
loqs	loquacious
lost	lost
lovit	loss of visual transmission
lov	jim lovell
Lpin	Lipin
Lpt	Lost PHDs of trr
lqf	liquid facets
lqfR	liquid facets-Related
Lrpprc2	Leucine-rich pentatricopeptide repeat containing 2
Lrr47	Leucine-rich repeat 47
LRR	Leucine-rich repeat
LS2	Large Subunit 2
Lsd-1	Lipid storage droplet-1
Lsd-2	Lipid storage droplet-2
Lsm10	Lsm10
Lsm11	Lsm11
Lsm12a	LSM12 homolog a
LSm1	Like Sm 1
LSm3	Like Sm 3
LSm7	Like Sm 7
lsn	larsen
Lst8	Lst8
Lst	Limostatin
lt	light
ltl	larval translucida
luna	luna
lush	lush
lute	lute
lva	lava lamp
lwr	lesswright
LysB	Lysozyme B
LysC	Lysozyme C
LysD	Lysozyme D
LysE	Lysozyme E
LysP	Lysozyme P
LysS	Lysozyme S
LysX	Lysozyme X
lz	lozenge
Lztr1	Leucine zipper like transcription regulator 1
M6	M6
mab-21	mab-21
Mabi	Mabiki
maca	maca
mAChR-A	muscarinic Acetylcholine Receptor%2C A-type
mAChR-B	muscarinic Acetylcholine Receptor%2C B-type
mAChR-C	muscarinic Acetylcholine Receptor%2C C-type
Mad1	Mitotic arrest-deficient 1
mad2	mad2
Madm	MLF1-adaptor molecule
Mad	Mothers against dpp
mael	maelstrom
Maf1	Maf1
maf-S	maf-S
MAGE	MAGE
Magi	Magi
mag	magro
mago	mago nashi
magu	magu
mahe	maheshvara
mahj	mahjong
mah	mahogany
mal	maroon-like
mam	mastermind
mamo	maternal gene required for meiosis
MAN1	MAN1
Mapmodulin	Mapmodulin
Marcal1	Marcal1
Marc	Mitochondrial amidoxime reducing component
mars	mars
mas	masquerade
Mat1	Menage a trois 1
Mat89Ba	Maternal transcript 89Ba
mat	materazzi
mats	mob as tumor suppressor
mav	maverick
Max	Max
mbc	myoblast city
MBD-R2	MBD-R2
mbl	muscleblind
mbm	mushroom body miniature
mbo	members only
Mbs	Myosin binding subunit
mbt	mushroom bodies tiny
Mcm10	Minichromosome maintenance 10
Mcm2	Minichromosome maintenance 2
Mcm3	Minichromosome maintenance 3
Mcm5	Minichromosome maintenance 5
Mcm6	Minichromosome maintenance 6
Mcm7	Minichromosome maintenance 7
MCPH1	Microcephalin
Mcr	Macroglobulin complement-related
Mct1	Monocarboxylate transporter 1
MCTS1	Malignant T cell amplified sequence 1
MCU	Mitochondrial calcium uniporter
m-cup	mann-cup
mdlc	midlife crisis
Mdr49	Multi drug resistance 49
Mdr50	Multi drug resistance 50
Mdr65	Multi drug resistance 65
mdu	meduse
mdy	midway
me31B	maternal expression at 31B
Mec2	Mec2
MED10	Mediator complex subunit 10
MED11	Mediator complex subunit 11
MED14	Mediator complex subunit 14
MED15	Mediator complex subunit 15
MED16	Mediator complex subunit 16
MED17	Mediator complex subunit 17
MED18	Mediator complex subunit 18
MED19	Mediator complex subunit 19
MED1	Mediator complex subunit 1
MED20	Mediator complex subunit 20
MED21	Mediator complex subunit 21
MED22	Mediator complex subunit 22
MED23	Mediator complex subunit 23
MED24	Mediator complex subunit 24
MED25	Mediator complex subunit 25
MED26	Mediator complex subunit 26
MED27	Mediator complex subunit 27
MED28	Mediator complex subunit 28
MED30	Mediator complex subunit 30
MED31	Mediator complex subunit 31
MED4	Mediator complex subunit 4
MED6	Mediator complex subunit 6
MED7	Mediator complex subunit 7
MED8	Mediator complex subunit 8
MED9	Mediator complex subunit 9
Med	Medea
meep	meep
mei-217	meiotic 217
mei-218	meiotic 218
mei-38	meiotic 38
mei-41	meiotic 41
mei-9	meiotic 9
Meics	Meiotic central spindle
meigo	medial glomeruli
mei-P22	meiotic P22
mei-P26	meiotic P26
mei-S332	meiotic from via Salaria 332
mei-W68	meiotic W68
Mekk1	Mekk1
melt	melted
Meltrin	Meltrin
Membrin	Membrin
Men-b	Malic enzyme b
meng	meng-po
Menl-1	Malic enzyme like-1
Menl-1	Malic enzyme like-2
Menl-2	Malic enzyme like-1
Menl-2	Malic enzyme like-2
Men	Malic enzyme
MEP-1	MEP-1
Mer	Merlin
meru	meru
Mes2	Mesoderm-expressed 2
Mesh1	Metazoan SpoT homolog-1
mesh	mesh
MESK2	Misexpression suppressor of KSR 2
MESK4	Misexpression suppressor of KSR 4
meso18E	meso18E
MESR3	Misexpression suppressor of ras 3
MESR4	Misexpression suppressor of ras 4
MESR6	Misexpression suppressor of ras 6
Met75Ca	Met75Ca
Met75Cb	Met75Cb
Met	Methoprene-tolerant
metro	menage a trois
mew	multiple edematous wings
mex1	midgut expression 1
mey	morpheyus
mfas	midline fasciclin
Mfe2	peroxisomal Multifunctional enzyme type 2
Mf	Myofilin
mfr	misfire
mfrn	mitoferrin
MFS10	Major Facilitator Superfamily Transporter 10
MFS12	Major Facilitator Superfamily Transporter 12
MFS14	Major Facilitator Superfamily Transporter 14
MFS15	Major Facilitator Superfamily Transporter 15
MFS16	Major Facilitator Superfamily Transporter 16
MFS17	Major Facilitator Superfamily Transporter 17
MFS18	Major Facilitator Superfamily Transporter 18
MFS1	Major Facilitator Superfamily Transporter 1
MFS3	Major Facilitator Superfamily Transporter 3
MFS9	Major Facilitator Superfamily Transporter 9
mge	maggie
mgl	Megalin
mGluR	metabotropic Glutamate Receptor
mgr	merry-go-round
Mgtor	Megator
mh	maternal haploid
Mi-2	Mi-2
mia	meiosis I arrest
mib1	mind bomb 1
mib2	mind bomb 2
Mic26-27	MICOS subunit 26/27
MICAL-like	MICAL-like
Mical	Molecule interacting with CasL
Mics1	Mitochondrial morphology and cristae structure 1
MICU1	Mitochondrial calcium uptake 1
MICU3	Mitochondrial calcium uptake 3
Mid1	Mid1
mid	midline
Miga	Mitoguardin
mil	milkah
milt	milton
mi	minus
mim	missing-in-metastasis
mino	minotaur
mio	missing oocyte
miple1	midkine and pleiotrophin 1
miple2	midkine and pleiotrophin 2
Mip	Myoinhibiting peptide precursor
mira	miranda
mir-ban	bantam
mir-bft	bereft
mir-let7	let-7
Miro	Mitochondrial Rho
mirr	mirror
Mis12	Mis12
Mitf	Mitf
Mitofilin	Mitofilin
Mkrn1	Makorin 1
Mks1	Meckel syndrome%2C type 1
mld	molting defective
mldr	mulder
mle	maleless
Mlh1	Mlh1
mlt	mulet
mmd	mind-meld
MME1	Mitochondrial Magnesium Exporter 1
m	miniature
mmm	missing minor mitochondria
Mms19	Mms19
mms4	Methyl methanesulfonate sensitivity 4
mmy	mummy
Mnat9	microtubule-associated Nat9
mnb	minibrain
mnd	minidiscs
Mnn1	Menin 1
Mnr	Membrane-bound Notch regulator
Mnt	Mnt
Mo25	Mo25
Mob2	Mob2
Moca-cyp	Moca-cyp
mod(mdg4)	modifier of mdg4
mod	modulo
Moe	Moesin
mof	males absent on the first
moi	modigliani
mol	moladietz
Mon1	Monensin sensitivity 1
mon2	monensin sensitivity 2
Mondo	Mondo
moody	moody
moon	moonshiner
mop	myopic
mora	morgana
morgue	modifier of rpr and grim%2C ubiquitously expressed
mor	moira
Mos	Mos oncogene
Mpc1	Mitochondrial pyruvate carrier
Mp	Multiplexin
Mps1	Monopolar spindle 1
mre11	meiotic recombination 11
MRG15	MORF-related gene 15
Mrgn1	Mahogunin ring finger 1
mri	mrityu
mrj	mrj
mr	morula
mrn	marionette
mrt	martik
mrva	minerva
ms(2)34Fe	male sterile (2) 34Fe
ms(2)35Ci	male sterile (2) 35Ci
ms(3)76Ba	male sterile (3) 76Ba
ms(3)76Cc	male sterile (3) 76Cc
ms(3)K81	male sterile (3) K81
MSAmiP	MSA micropeptide
msb1l	msb1l
msd1	mitotic spindle density 1
msd5	mitotic spindle density 5
Msh6	Msh6
msi	musashi
msk	moleskin
msl-1	male-specific lethal 1
msl-2	male-specific lethal 2
msl-3	male-specific lethal 3
Ms	Myosuppressin
msn	misshapen
msopa	male-specific opa containing gene
mspo	M-spondin
msps	mini spindles
Msr-110	Msr-110
Mst27D	Male specific transcript 27D
Mst33A	Mst33A
Mst85C	Mst85C
Mst89B	Mst89B
mst	misato
MstProx	MstProx
MTA1-like	Metastasis associated 1-like
Mtch	Mitochondrial carrier homolog 1
mtd	mustard
MTF-1	Metal response element-binding Transcription Factor-1
mtg	mind the gap
mtgo	miles to go
mthl10	methuselah-like 10
mthl11	methuselah-like 11
mthl12	methuselah-like 12
mthl13	methuselah-like 13
mthl14	methuselah-like 14
mthl15	methuselah-like 15
mthl1	methuselah-like 1
mthl2	methuselah-like 2
mthl3	methuselah-like 3
mthl4	methuselah-like 4
mthl5	methuselah-like 5
mthl6	methuselah-like 6
mthl7	methuselah-like 7
mthl8	methuselah-like 8
mthl9	methuselah-like 9
mth	methuselah
Mtkl	Mtk-like
Mtk	Metchnikowin
Mtl	Mig-2-like
mtm	myotubularin
MtnA	Metallothionein A
MtnB	Metallothionein B
MtnC	Metallothionein C
MtnD	Metallothionein D
MtnE	Metallothionein E
MtnF	Metallothionein F
mt:ori	mitochondrial origin
mTor	mechanistic Target of rapamycin
Mtr3	Mtr3
mtrm	matrimony
mtsh	mitoshell
mts	microtubule star
mtTFB1	Mitochondrial Transcription Factor B1
mtt	mangetout
mu2	mutator 2
mub	mushroom-body expressed
Muc11A	Mucin 11A
Muc12Ea	Mucin 12Ea
Muc14A	Mucin 14A
Muc18B	Mucin 18B
Muc26B	Mucin 26B
Muc30E	Mucin 30E
Muc4B	Mucin 4B
Muc55B	Mucin 55B
Muc68Ca	Mucin 68Ca
Muc68D	Mucin 68D
Muc68E	Mucin 68E
Muc91C	Mucin 91C
Muc96D	Mucin 96D
muc	midline uncoordinated
mud	mushroom body defect
Mur11Da	Mucin related 11Da
Mur18B	Mucin related 18B
Mur29B	Mucin related 29B
Mur2B	Mucin related 2B
Mur82C	Mucin related 82C
Mur89F	Mucin related 89F
mura	murashka
mus101	mutagen-sensitive 101
mus201	mutagen-sensitive 201
mus301	mutagen-sensitive 301
mus302	mutagen-sensitive 302
mus304	mutagen-sensitive 304
mus312	mutagen-sensitive 312
mus81	mus81
muskelin	muskelin
Muted	Muted
mute	muscle wasted
Mvb12	Multivesicular body subunit 12
Mvl	Malvolio
mv	mauve
mwh	multiple wing hairs
mxc	multi sex combs
mxt	mextli
Myb	Myb oncogene-like
Myc	Myc
Myd88	Myd88
myd	mayday
Myo10A	Myosin 10A
Myo28B1	Myosin 28B1
Myo31DF	Myosin 31DF
Myo61F	Myosin 61F
Myo81F	Myosin 81F
Myo95E	Myosin 95E
myo	myoglianin
Mys45A	Mystery 45A
mys	myospheroid
Myt1	Myt1
NAAT1	Nutrient Amino Acid Transporter 1
nab	nab
Nach	Nach
nAChRalpha1	nicotinic Acetylcholine Receptor alpha1
nAChRalpha2	nicotinic Acetylcholine Receptor alpha2
nAChRalpha3	nicotinic Acetylcholine Receptor alpha3
nAChRalpha4	nicotinic Acetylcholine Receptor alpha4
nAChRalpha5	nicotinic Acetylcholine Receptor alpha5
nAChRalpha6	nicotinic Acetylcholine Receptor alpha6
nAChRalpha7	nicotinic Acetylcholine Receptor alpha7
nAChRbeta1	nicotinic Acetylcholine Receptor beta1
nAChRbeta2	nicotinic Acetylcholine Receptor beta2
nAChRbeta3	nicotinic Acetylcholine Receptor beta3
nac	neuronally altered carbohydrate
nahoda	nahoda
na	narrow abdomen
nan	nanchung
nanos	nanos
NaPi-III	Na[+]-dependent inorganic phosphate cotransporter type III
NaPi-T	Na[+]-dependent inorganic phosphate cotransporter
narya	narya
NAT1	NAT1
natalisin	natalisin
nau	nautilus
Naus	Nausicaa
naz	nazgul
Nbr	Nibbler
nbs	nbs
Nca	Neurocalcin
Ncc69	sodium chloride cotransporter 69
ncd	non-claret disjunctional
Nckx30C	Nckx30C
nclb	no child left behind
ncm	nucampholin
Nct	Nicastrin
Ndae1	Na[+]-driven anion exchanger 1
Ndc1	Nuclear division cycle 1
Ndc80	Ndc80
Ndg	Nidogen
ndl	nudel
Neb-cGP	Neb-cGP
neb	nebbish
nebu	nebulosa
nec	necrotic
Nedd4	Nedd4
Nedd8	Nedd8 ubiquitin like modifier
nej	nejire
Nek2	Nek2
NELF-B	NELF-B
nemy	no extended memory
nenya	nenya
neo	neyo
Neos	Neosin
Nep1	Neprilysin 1
Nep2	Neprilysin 2
Nep3	Neprilysin 3
Nep4	Neprilysin 4
Nep5	Neprilysin 5
Nep6	Neprilysin 6
Nep7	Neprilysin 7
Nepl10	Neprilysin-like 10
Nepl11	Neprilysin-like 11
Nepl12	Neprilysin-like 12
Nepl13	Neprilysin-like 13
Nepl14	Neprilysin-like 14
Nepl15	Neprilysin-like 15
Nepl16	Neprilysin-like 16
Nepl17	Neprilysin-like 17
Nepl18	Neprilysin-like 18
Nepl19	Neprilysin-like 19
Nepl20	Neprilysin-like 20
Nepl21	Neprilysin-like 21
Nepl3	Neprilysin-like 3
Nepl4	Neprilysin-like 4
Nepl5	Neprilysin-like 5
Nepl6	Neprilysin-like 6
Nepl7	Neprilysin-like 7
Nepl8	Neprilysin-like 8
Nepl9	Neprilysin-like 9
nerfin-1	nervous fingers 1
nerfin-2	nervous fingers 2
nero	nero
nesd	nessun dorma
nes	nessy
NetA	Netrin-A
NetB	Netrin-B
net	net
Neto	Neuropilin and tolloid-like
Neu2	Neuroectoderm-expressed 2
neur	neuralized
Neurochondrin	Neurochondrin
Nf1	Neurofibromin 1
ng1	new glue 1
ng2	new glue 2
ng3	new glue 3
ng4	new glue 4
Nha1	Na[+]/H[+] hydrogen antiporter 1
Nha2	Na[+]/H[+] hydrogen antiporter 2
Nhe1	Na[+]/H[+] hydrogen exchanger 1
Nhe2	Na[+]/H[+] hydrogen exchanger 2
Nhe3	Na[+]/H[+] hydrogen exchanger 3
NHP2	NHP2
nht	no hitter
NijA	Ninjurin A
NijB	Ninjurin B
NijC	Ninjurin C
Nil	Nilkantha
NimA	Nimrod A
NimB1	Nimrod B1
NimB2	Nimrod B2
NimB3	Nimrod B3
NimB4	Nimrod B4
NimB5	Nimrod B5
NimC1	Nimrod C1
NimC2	Nimrod C2
NimC3	Nimrod C3
NimC4	Nimrod C4
ninaA	neither inactivation nor afterpotential A
ninaB	neither inactivation nor afterpotential B
ninaC	neither inactivation nor afterpotential C
ninaD	neither inactivation nor afterpotential D
ninaE	neither inactivation nor afterpotential E
ninaG	ninaG
Nin	Ninein
Nipped-A	Nipped-A
Nipped-B	Nipped-B
Nipsnap	Nipsnap
nis	no individualized sperm
nito	spenito
NK7.1	NK7.1
NKCC	sodium potassium chloride cotransporter
nkd	naked cuticle
nkt	noktochor
NLaz	Neural Lazarillo
Nle	Notchless
Nlg1	Neuroligin 1
Nlg2	Neuroligin 2
Nlg3	Neuroligin 3
Nlg4	Neuroligin 4
Nlp	Nucleoplasmin
nmd	no mitochondrial derivative
nmdyn-D6	nmdyn-D6
nmdyn-D7	nmdyn-D7
nmo	nemo
Nnf1a	Nnf1a
Nnf1b	Nnf1b
Nnk	Nicknack
N	Notch
Nnp-1	Nnp-1
Noa36	Noa36
noc	no ocelli
nocte	no circadian temperature entrainment
nod	no distributive disjunction
noi	noisette
nol	no optic lobe
nolo	no long nerve cord
nom	numerous disordered muscles
nonA-l	nonA-like
nonA	no on or off transient A
nonC	no-on-and-no-off transient C
Nop17l	Nop17 like
Nop56	Nop56
nop5	nop5
nopo	no poles
Nopp140	Nopp140
nord	nord
Nost	Nostrin
Not10	CCR4-NOT transcription complex subunit 10
Not11	CCR4-NOT transcription complex subunit 11
Not1	Not1
Not3	CCR4-NOT transcription complex subunit 3
not	non-stop
Notum	Notum
NP15.6	NP15.6
Npc1a	Niemann-Pick type C-1a
Npc1b	Niemann-Pick type C-1b
Npc2a	Niemann-Pick type C-2a
Npc2b	Niemann-Pick type C-2b
Npc2c	Niemann-Pick type C-2c
Npc2d	Niemann-Pick type C-2d
Npc2e	Niemann-Pick type C-2e
Npc2f	Niemann-Pick type C-2f
Npc2g	Niemann-Pick type C-2g
Npc2h	Niemann-Pick type C-2h
NPF	neuropeptide F
Nph	Nucleophosmin
Nplp1	Neuropeptide-like precursor 1
Nplp2	Neuropeptide-like precursor 2
Nplp3	Neuropeptide-like precursor 3
Nplp4	Neuropeptide-like precursor 4
Np	Notopleural
Nrd1	Nardilysin
Nrg	Neuroglian
nrm	neuromusculin
Nrt	Neurotactin
nrv1	nervana 1
nrv2	nervana 2
nrv3	nervana 3
Nrx-1	Neurexin 1
Nrx-IV	Neurexin IV
Ns1	Nucleostemin 1
Ns2	Nucleostemin 2
Ns3	Nucleostemin 3
Ns4	Nucleostemin 4
Nse1	Non-SMC element 1
Nse4	Non-SMC element 4
nsl1	non-specific lethal 1
nsr	novel spermatogenesis regulator
nst	nesthocker
nSyb	neuronal Synaptobrevin
NT1	Neurotrophin 1
ntc	nutcracker
Ntl	Neurotransmitter transporter-like
NtR	NtR
nub	nubbin
NUCB1	Nucleobindin 1
nudC	nudC
nudE	nudE
Nuf2	Nuf2
Nufip	Nufip
nullo	nullo
numb	numb
Nup107	Nucleoporin 107kD
Nup133	Nucleoporin 133kD
Nup153	Nucleoporin 153kD
Nup154	Nucleoporin 154kD
Nup160	Nucleoporin 160kD
Nup188	Nucleoporin 188kDa
Nup205	Nucleoporin 205kD
Nup214	Nucleoporin 214kD
Nup358	Nucleoporin 358kD
Nup35	Nucleoporin 35kDa
Nup37	Nucleoporin 37kD
Nup43	Nucleoporin 43kD
Nup44A	Nucleoporin at 44A
Nup50	Nucleoporin 50kD
Nup54	Nucleoporin 54kD
Nup58	Nucleoporin 58kD
Nup62	Nucleoporin 62kD
Nup75	Nucleoporin 75kD
Nup93-1	Nucleoporin 93kD-1
Nup93-2	Nucleoporin 93kD-2
Nup98-96	Nucleoporin 98-96kD
nur	nemuri
nvd	neverland
nvy	nervy
nwk	nervous wreck
nw	narrow
Nxf3	short spindle 2
nyo	nyobe
oaf	out at first
obe	obelus
Obsc	Obscurin
obst-A	obstructor-A
obst-B	obstructor-B
obst-E	obstructor-E
obst-F	obstructor-F
obst-G	obstructor-G
obst-H	obstructor-H
obst-I	obstructor-I
obst-J	obstructor-J
Ocho	Ocho
ocm	over compensating males
ocn	ocnus
oc	ocelliless
Ocrl	Oculocerebrorenal syndrome of Lowe
odd	odd skipped
Odj	Oddjob
OdsH	Ods-site homeobox
ogre	optic ganglion reduced
ohgt	ohgata
okr	okra
olf186-M	olf186-M
olf413	olf413
Oli	Olig family
omd	oocyte maintenance defects
ome	omega
onecut	onecut
Opa1	Optic atrophy 1
opa	odd paired
opm	opossum
Optix	Optix
Orai	Orai
orb2	orb2
Orc1	Origin recognition complex subunit 1
Orc2	Origin recognition complex subunit 2
Orc3	Origin recognition complex subunit 3
Orc4	Origin recognition complex subunit 4
Orc5	Origin recognition complex subunit 5
Orc6	Origin recognition complex subunit 6
Orcokinin	Orcokinin
Orct2	Organic cation transporter 2
Orct	Organic cation transporter
ord	orientation disruptor
org-1	optomotor-blind-related-gene-1
orion	orion
Ork1	Open rectifier K[+] channel 1
ORMDL	Orosomucoid 1-like
or	orange
ort	ora transientless
ORY	Occludin-Related Y
osa	osa
Oscillin	Oscillin
Os-C	Os-C
OSCP1	Organic solute carrier partner 1
Oseg1	Outer segment 1
Oseg2	Outer segment 2
Oseg4	Outer segment 4
Oseg5	Outer segment 5
Oseg6	Outer segment 6
Osi10a	Osiris 10a
Osi10b	Osiris 10b
Osi11	Osiris 11
Osi12	Osiris 12
Osi13	Osiris 13
Osi14	Osiris 14
Osi15	Osiris 15
Osi16	Osiris 16
Osi17	Osiris 17
Osi18	Osiris 18
Osi19	Osiris 19
Osi1	Osiris 1
Osi20	Osiris 20
Osi21	Osiris 21
Osi22	Osiris 22
Osi23	Osiris 23
Osi24	Osiris 24
Osi2	Osiris 2
Osi3	Osiris 3
Osi4	Osiris 4
Osi5	Osiris 5
Osi6	Osiris 6
Osi7	Osiris 7
Osi8	Osiris 8
Osi9	Osiris 9
osi	orsai
osk	oskar
osp	outspread
osy	oskyddad
Ote	Otefin
otk2	off-track2
otk	off-track
OtopLa	Otopetrin-like a
OtopLb	Otopetrin-like b
OtopLc	Otopetrin-like c
otp	orthopedia
otu	ovarian tumor
ouib	ouija board
out	outsiders
ova	ovaries absent
ovm	oven mitt
ovo	ovo
ox	oxen
Oxp	Oxpecker
oya	oya
oys	oysgedart
p115	p115
p120ctn	p120 catenin
p130CAS	p130CAS
p23	p23
p24-1	p24-related-1
p24-2	p24-related-2
P32	P32
p47	p47
p53	p53
P58IPK	P58IPK
Pa1	PTIP associated 1
Pabp2	Pabp2
pad	poils au dos
Paics	PAICS bifunctional enzyme
pain	painless
Pak3	Pak3
pall	pallbearer
pan	pangolin
Panx	Panoramix
papi	papi
Papst2	PAPS transporter 2
par-1	par-1
par-6	par-6
para	paralytic
Paris	Parkin Interacting Substrate
park	parkin
parvin	parvin
pasha	partner of drosha
pasi1	pasiflora 1
pasi2	pasiflora 2
Past1	Putative Achaete Scute Target 1
path	pathetic
Patj	Patj
Patronin	Patronin
Patsas	Patsas
pav	pavarotti
Pax	Paxillin
pbl	pebble
pb	proboscipedia
Pburs	Partner of Bursicon
pch2	pachytene checkpoint 2
pck	pickel
Pcl	Polycomblike
pcm	pacman
Pc	Polycomb
pcs	parcas
p-cup	presidents-cup
pcx	pecanex
Pdcd4	Programmed cell death 4
pdgy	pudgy
Pdrg1	Pdrg1 prefoldin-like subunit
pds5	precocious dissociation of sisters 5
pea	peanuts
peb	pebbled
Pef	Peflin
peg	pegasus
pelo	pelota
pen-2	presenilin enhancer
peng	penguin
Pen	Pendulin
peo	pendolino
Peritrophin-15a	Peritrophin-15a
Peritrophin-15b	Peritrophin-15b
Peritrophin-A	Peritrophin A
per	period
pes	peste
Pex10	Peroxin 10
Pex11ab	Peroxin 11a/b
Pex11c	Peroxin 11c
Pex12	Peroxin 12
Pex13	Peroxin 13
Pex14	Peroxin 14
Pex16	Peroxin 16
Pex19	Peroxin 19
Pex1	Peroxin 1
Pex23	Peroxin 23
Pex2	Peroxin 2
Pex3	Peroxin 3
Pex5	Peroxin 5
Pex6	Peroxin 6
Pex7	Peroxin 7
Pez	Pez
Pfdn1	Prefoldin 1
Pfdn2	Prefoldin 2
Pfdn4	Prefoldin 4
Pfdn5	Prefoldin 5
Pfdn6	Prefoldin 6
Pgcl	Pepsinogen C-like
pgc	polar granule component
PGRP-LD	Pmi
Phae1	Phaedra 1
Phae2	Phaedra 2
Phb1	Prohibitin 1
Phb2	Prohibitin 2
pHCl-1	pH-sensitive chloride channel 1
pHCl-2	pH-sensitive chloride channel 2
ph-d	polyhomeotic distal
Phk-3	Pherokine 3
phol	pleiohomeotic like
pho	pleiohomeotic
ph-p	polyhomeotic proximal
phr	photorepair
phtf	phtf
phtm	phantom
phu	phurba tashi
phyl	phyllopod
PI31	Proteasome inhibitor 31 kDa
Pi3K21B	Pi3K21B
pico	pico
Picot	Picot
pic	piccolo
pie	pineapple eye
Piezo	Piezo
Pig1	Pre-intermoult gene 1
PIG-A	Phosphatidylinositol glycan anchor biosynthesis class A
PIG-B	Phosphatidylinositol glycan anchor biosynthesis class B
PIG-C	Phosphatidylinositol glycan anchor biosynthesis class C
pigeon	pigeon
PIG-F	Phosphatidylinositol glycan anchor biosynthesis class F
PIG-G	Phosphatidylinositol glycan anchor biosynthesis class G
PIG-H	Phosphatidylinositol glycan anchor biosynthesis class H
PIG-K	Phosphatidylinositol glycan anchor biosynthesis class K
PIG-L	Phosphatidylinositol glycan anchor biosynthesis class L
PIG-M	Phosphatidylinositol glycan anchor biosynthesis class M
PIG-N	Phosphatidylinositol glycan anchor biosynthesis class N
PIG-O	Phosphatidylinositol glycan anchor biosynthesis class O
PIG-P	Phosphatidylinositol glycan anchor biosynthesis class P
PIG-P	Threonyl-carbamoyl synthesis 6
PIG-Q	Phosphatidylinositol glycan anchor biosynthesis class Q
PIG-S	Phosphatidylinositol glycan anchor biosynthesis class S
pigs	pickled eggs
PIG-T	Phosphatidylinositol glycan anchor biosynthesis class T
PIG-U	Phosphatidylinositol glycan anchor biosynthesis class U
PIG-V	Phosphatidylinositol glycan anchor biosynthesis class V
PIG-Wa	Phosphatidylinositol glycan anchor biosynthesis class W a
PIG-Wb	Phosphatidylinositol glycan anchor biosynthesis class W b
PIG-X	Phosphatidylinositol glycan anchor biosynthesis class X
PIG-Z	Phosphatidylinositol glycan anchor biosynthesis class Z
pim	pimples
Pino	Pinocchio
pins	partner of inscuteable
pinta	prolonged depolarization afterpotential (PDA) is not apparent
pio	piopio
PIP82	PIP82
pippin	pippin
pip	pipe
pira	pirate
pirk	poor Imd response upon knock-in
pita	pita
pit	pitchoune
Pitslre	Pitslre
piwi	P-element induced wimpy testis
pix	pixie
pkaap	pkaap
pkm	Pinkman
pk	prickle
Pldn	Pallidin
ple	pale
PlexA	Plexin A
PlexB	Plexin B
plh	pasang lhamu
Pli	Pellino
pll	pelle
plum	plum
plu	plutonium
plx	pollux
Plzf	Promyelocytic leukemia zinc finger
Pmi	Pmi
Pms2	Pms2
png	pan gu
Pnn	Pinin
pn	prune
pnr	pannier
pns	pinstripe
pnt	pointed
pnut	peanut
Poc1	Proteome of centrioles 1
pod1	pod1 coronin
poe	purity of essence
Pof	Painting of fourth
polo	polo
Polr2D	transcriptional Adaptor 2a
Polr3K	Threonyl-carbamoyl synthesis 1
polybromo	polybromo
polyph	polyphemus
Pomp	Pomp
pon	partner of numb
pont	pontin
Pop2	Pop2
Porin2	Porin2
porin	porin
por	porcupine
POSH	Plenty of SH3s
Pos	Poseidon
pot	papillote
Poxm	Pox meso
Poxn	Pox neuro
ppan	peter pan
Ppa	Partner of paired
Pph13	PvuII-PstI homology 13
p	pink
ppk10	pickpocket 10
ppk11	pickpocket 11
ppk11	pickpocket 16
ppk12	pickpocket 12
ppk13	pickpocket 13
ppk14	pickpocket 14
ppk15	pickpocket 15
ppk16	pickpocket 11
ppk16	pickpocket 16
ppk17	pickpocket 17
ppk18	pickpocket 18
ppk19	pickpocket 19
ppk20	pickpocket 20
ppk21	pickpocket 21
ppk22	pickpocket 22
ppk23	pickpocket 23
ppk24	pickpocket 24
ppk25	pickpocket 25
ppk26	pickpocket 26
ppk27	pickpocket 27
ppk28	pickpocket 28
ppk29	pickpocket 29
ppk30	pickpocket 30
ppk31	pickpocket 31
ppk3	pickpocket 3
ppk5	pickpocket 5
ppk6	pickpocket 6
ppk7	pickpocket 7
ppk8	pickpocket 8
ppk9	pickpocket 9
ppk	pickpocket
ppl	pumpless
Ppm1	Ppm1
Ppn	Papilin
Ppr-Y	Ppr-Y
prage	prage
PRAS40	Proline-rich Akt substrate 40 kDa
prc	pericardin
prd1	pruning defect 1
prd	paired
pre-lola-G	pre-lola-G
prel	preli-like
Prestin	Prestin
prg	piragua
primo-1	primo-1
primo-1	primo-2
primo-2	primo-1
primo-2	primo-2
prim	primacord
Prip	Prip
Prm	Paramyosin
Proc	Proctolin
prod	proliferation disrupter
promL	prominin-like
prom	prominin
Prosalpha1	Proteasome alpha1 subunit
Prosalpha1R	Proteasome alpha1 subunit-related
Prosalpha2	Proteasome alpha2 subunit
Prosalpha3	Proteasome alpha3 subunit
Prosalpha3T	Proteasome alpha3 subunit%2C Testis-specific
Prosalpha4	Proteasome alpha4 subunit
Prosalpha4T1	Proteasome alpha4 subunit%2C Testis-specific 1
Prosalpha4T2	Proteasome alpha4 subunit%2C Testis-specific 2
Prosalpha5	Proteasome alpha5 subunit
Prosalpha6	Proteasome alpha6 subunit
Prosalpha6T	Proteasome alpha6 subunit%2C Testis-specific
Prosalpha7	Proteasome alpha7 subunit
Prosap	Prosap
Prosbeta1	Proteasome beta1 subunit
Prosbeta2	Proteasome beta2 subunit
Prosbeta2R1	Proteasome beta2 subunit-related 1
Prosbeta2R2	Proteasome beta2 subunit-related 2
Prosbeta3	Proteasome beta3 subunit
Prosbeta4	Proteasome beta4 subunit
Prosbeta4R1	Proteasome beta4 subunit-related 1
Prosbeta4R2	Proteasome beta4 subunit-related 2
Prosbeta5	Proteasome beta5 subunit
Prosbeta5R1	Proteasome beta5 subunit-related 1
Prosbeta5R2	Proteasome beta5 subunit-related 2
Prosbeta6	Proteasome beta6 subunit
Prosbeta7	Proteasome beta7 subunit
pros	prospero
ProtA	Protamine A
ProtB	Protamine B
Prp18	Prp18
pr	purple
Prtl99C	Protamine-like 99C
prt	portabella
prtp	pretaporter
Prx1	Peroxiredoxin 1
Prx2	Peroxiredoxin 2
Prx3	Peroxiredoxin 3
Prx4	Peroxiredoxin 4
Prx5	Peroxiredoxin 5
Prx6a	Peroxiredoxin 6a
Prx6b	Peroxiredoxin 6b
Prx6c	Peroxiredoxin 6c
PRY	polycystine-related-Y
Psc	Posterior sex combs
psd	palisade
Psf1	Partner of Sld Five 1
Psf2	Partner of Sld Five 2
Psf3	Partner of Sld Five 3
PsGEF	Protostome-specific GEF
psh	persephone
psidin	phagocyte signaling impaired
Psi	P-element somatic inhibitor
PSMG1	Proteasome assembly chaperone 1
Psn	Presenilin
ps	pasilla
psq	pipsqueak
pst	pastrel
ptc	patched
pths	porthos
Ptr	Patched-related
Ptth	Prothoracicotropic hormone
Ptx1	Ptx1
puc	puckered
puf	puffyeye
pug	pugilist
puml	pummelig
pum	pumilio
Pu	Punch
Pura	Puratrophin-1-like
put	punt
pwn	pawn
pxb	pxb
Pxn	Peroxidasin
PXo	P[[i]]-sensitive XPR1 orthologue
px	plexus
Pxt	Peroxinectin-like
pyd3	pyd3
pyd	polychaetoid
pygo	pygopus
Pym	Partner of Y14 and Mago
pyr	pyramus
pyx	pyrexia
pzg	putzig
Pzl	Piezo-like
QIL1	QIL1
qin	qin
qjt	quijote
qkr54B	quaking related 54B
qkr58E-1	quaking related 58E-1
qkr58E-2	quaking related 58E-2
qkr58E-3	quaking related 58E-3
qless	qless
qm	quemao
qsm	quasimodo
qtc	quick-to-court
Qtzl	Quetzalcoatl
qua	quail
qvr	quiver
r2d2	r2d2
Rab10	Rab10
Rab11	Rab11
Rab14	Rab14
Rab18	Rab18
Rab19	Rab19
Rab1	Rab1
Rab21	Rab21
Rab23	Rab23
Rab26	Rab26
Rab27	Rab27
Rab2	Rab2
Rab30	Rab30
Rab32	Rab32
Rab35	Rab35
Rab39	Rab39
Rab3	Rab3
Rab40	Rab40
Rab4	Rab4
Rab5	Rab5
Rab6	Rab6
Rab7	Rab7
Rab8	Rab8
Rab9Db	Rab at 9Db
Rab9D	Rab at 9D
Rab9E	Rab at 9E
Rab9Fa	Rab at 9Fa
Rab9Fb	Rab at 9Fb
Rab9	Rab9
RabX1	RabX1
RabX2	RabX2
RabX4	RabX4
RabX5	RabX5
RabX6	RabX6
Rac1	Rac1
Rac2	Rac2
Rad17	Rad17
Rad1	Radiation insensitive 1
Rad23	Rad23
rad50	rad50
Rad60	Rad60
Rad9	Rad9
Rae1	Rae1
Raf	Raf oncogene
RagA-B	Ras-related GTP binding A/B
RagC-D	Ras-related GTP binding C/D
Ranbp16	Ranbp16
Ranbp21	Ranbp21
Ran-like	Ran-like
Ran	Ran
ranshi	ranshi
raptor	raptor
Ras64B	Ras oncogene at 64B
Ras85D	Ras oncogene at 85D
raskol	raskol
rasp	rasp
ras	raspberry
Rassf	Ras association family member
rau	rau
Ravus	Ravus
raw	raw
Rbcn-3A	Rabconnectin-3A
Rbcn-3B	Rabconnectin-3B
Rbp1-like	Rbp1-like
Rbpn-5	Rabaptin-5
rb	ruby
Rbsn-5	Rabenosyn-5
Rca1	Regulator of cyclin A1
Rcc1	Regulator of chromosome condensation 1
Rcd1	Reduction in Cnn dots 1
Rcd-1	Required for cell differentiation 1
Rcd-1r	Rcd-1 related
Rcd2	Reduction in Cnn dots 2
Rcd4	Reduction in Cnn dots 4
Rcd5	Reduction in Cnn dots 5
Rcd6	Reduction in Cnn dots 6
Rcd7	Reduction in Cnn dots 7
r-cup	ryder cup
rdgA	retinal degeneration A
rdgBbeta	rdgBbeta
rdgB	retinal degeneration B
rdgC	retinal degeneration C
Rdh	Red herring
Rdl	Resistant to dieldrin
rdog	red dog mine
rdo	reduced ocelli
rdx	roadkill
reb	rebuf
rec	recombination-defective
Recs1	Recs1
red	red Malpighian tubules
ref(2)P	refractory to sigma P
Reg-2	Rhythmically expressed gene 2
Reg-5	Rhythmically expressed gene 5
REG	Proteasome regulator gamma
regucalcin	regucalcin
Rel	Relish
Remo	Remoulade
Reph	Regulator of eph expression
repo	reversed polarity
REPTOR-BP	REPTOR-binding partner
REPTOR	Repressed by TOR
rept	reptin
resilin	resilin
retinin	retinin
retm	real-time
retn	retained
Ret	Ret oncogene
Rfx	Rfx
Rga	Regena
Rgk1	Rad%2C Gem/Kir family member 1
Rgk2	Rad%2C Gem/Kir family member 2
Rgk3	Rad%2C Gem/Kir family member 3
Rgl	Ral guanine nucleotide dissociation stimulator-like
rgn	regeneration
rgr	regular
rg	rugose
Rh2	Rhodopsin 2
Rh3	Rhodopsin 3
Rh4	Rhodopsin 4
Rh50	Rh50
Rh5	Rhodopsin 5
Rh6	Rhodopsin 6
Rh7	Rhodopsin 7
rha	rha
rhea	rhea
Rheb	Ras homolog enriched in brain
rhi	rhino
Rho1	Rho1
rho-4	rhomboid-4
rho-5	rhomboid-5
rho-6	rhomboid-6
rho-7	rhomboid-7
RhoGDI	RhoGDI
RhoL	Rho-like
rho	rhomboid
RhoU	RhoU
Rhp	Rhophilin
rib	ribbon
ric8a	ric8a
ric8b	ric8b
Rich	RIC1 homolog
rictor	rapamycin-insensitive companion of Tor
Rift	Riboflavin transporter
rig	rigor mortis
Rim2	Replication in mitochondria 2
Rim	Rab3 interacting molecule
ringer	ringmaker
rin	rasputin
Rint1	RAD50 interactor 1
rk	rickets
Rlb1	Rlb1
rl	rolled
r-l	rudimentary-like
Rm62	Rm62
Rme-8	Receptor mediated endocytosis 8
Rnb	R and B
rngo	rings lost
rno	rhinoceros
rn	rotund
RN-tre	Related to the N terminus of tre oncogene
robl22E	robl22E
robl37BC	robl37BC
robl62A	robl62A
robl	roadblock
robls54B	roadblock similar 54B
robo1	roundabout 1
robo2	roundabout 2
robo3	roundabout 3
Roc1a	Regulator of cullins 1a
Roc1b	Regulator of cullins 1b
Roc2	Regulator of cullins 2
rod	rough deal
Roe1	Roe1
rogdi	rogdi
roh	reduction of Rh1
rols	rolling pebbles
Root	Rootletin
Rop	Ras opposite
roq	roquin
ro	rough
Ror	Ror
rost	rolling stone
row	relative of woc
Rox8	Rox8
Rph	Rabphilin
rpk	ripped pocket
rpr	reaper
Rrp42	Rrp42
Rrp45	Rrp45
Rrp46	Rrp46
Rrp4	Rrp4
Rrp6	Rrp6
r	rudimentary
Rs1	Rs1
rsh	radish
Rsod	Related to Sod
rst	roughest
rswl	roswell
Rtc1	Rtc1
rtet	tetracycline resistance
Rtf1	Rtf1
Rtnl1	Reticulon-like1
Rtnl2	Rtnl2
rtp	retinophilin
rt	rotated abdomen
rtv	retroactive
Rubicon	Rubicon
rudhira	rudhira
rumi	rumi
rumpel	rumpel
rump	rumpelstiltskin
run	runt
RunxA	Runt related A
RunxB	Runt related B
ru	roughoid
rush	rush hour
rut	rutabaga
rux	roughex
Rx	Retinal Homeobox
RYa	RYamide
ry	rosy
SA1	Stromalin 1
SA2	Stromalin 2
sac	sterile affecting ciliogenesis
sad	shadow
sage	salivary gland-expressed bHLH
sala	spalt-adjacent
salm	spalt major
salr	spalt-related
sals	sarcomere length short
salto	salto
salt	salty dog
Samtor	S-adenosylmethionine sensor upstream of TORC1
sand	sandman
sano	serrano
san	separation anxiety
Sap-r	Saposin-related
Sar1	Secretion-associated Ras-related 1
Sarm	Sterile alpha and Armadillo motif
Sas10	Something about silencing 10
Sas-4	Spindle assembly abnormal 4
Sas-6	Spindle assembly abnormal 6
sa	spermatocyte arrest
sas	stranded at second
saturn	saturn
sau	sauron
sav	salvador
sax	saxophone
sba	six-banded
Sbat	Sabbat
sbb	scribbler
sbm	sobremesa
sbr	small bristles
Sb	Stubble
Sc2	Sc2
scaf	scarface
SCaMC	Short Calcium-binding Mitochondrial Carrier
Scamp	Scamp
SCAR	SCAR
sca	scabrous
scat	scattered
scb	scab
SCCRO3	Squamous cell carcinoma-related oncogene 3
SCCRO4	Squamous cell carcinoma-related oncogene 4
SCCRO	Squamous cell carcinoma-related oncogene
sced	scrambled
Sce	Sex combs extra
Scgalpha	Sarcoglycan alpha
Scgbeta	Sarcoglycan beta
Scgdelta	Sarcoglycan delta
schlank	schlank
schuy	schumacher-levy
SclA	Sarcolamban A
SclA	Sarcolamban B
SclB	Sarcolamban A
SclB	Sarcolamban B
Sclp	Sclp
Scm	Sex comb on midleg
scny	scrawny
scra	scraps
scrib	scribble
scro	scarecrow
Scr	Sex combs reduced
scrt	scratch
sc	scute
s-cup	stanley-cup
scu	scully
scw	screw
scyl	scylla
Sdb	SAXO downstream of blistered
Sdc	Syndecan
sdk	sidekick
Sdr	Secreted decoy of InR
sds22	sds22
sd	scalloped
sdt	stardust
sea	scheggia
Sec10	Secretory 10
Sec13	Secretory 13
Sec15	Secretory 15
Sec16	Secretory 16
Sec20	Secretory 20
Sec22	Secretory 22
Sec23	Secretory 23
Sec24AB	Secretory 24AB
Sec24CD	Secretory 24CD
Sec31	Secretory 31
Sec3	Secretory 3
Sec5	Secretory 5
Sec61alpha	Sec61 alpha subunit
Sec61beta	Sec61 beta subunit
Sec61gamma	Sec61 gamma subunit
Sec63	Secretory 63
Sec6	Secretory 6
Sec71	Secretory 71
Sec8	Secretory 8
SecCl	Secretory chloride channel
Seipin	Seipin
sei	seizure
sel	seele
Sem1	Suppressor of exocyst mutations 1
Sema1a	Semaphorin 1a
Sema1b	Semaphorin 1b
Sema2a	Semaphorin 2a
Sema2b	Semaphorin 2b
Sema5c	Semaphorin 5c
senju	senju
sens-2	senseless-2
sens	senseless
Septin1	Septin 1
Septin2	Septin 2
Septin4	Septin 4
Septin5	Septin 5
seq	sequoia
Ser7	Ser7
Ser8	Ser8
Serinc	Serine incorporator
serp	serpentine
Ser	Serrate
SerT	Serotonin transporter
sesB	stress-sensitive B
se	sepia
Sesn	Sestrin
Set	Set
Setx	Senataxin
sev	sevenless
sff	sugar-free frosting
sfl	sulfateless
Sfxn1-3	Sideroflexin 1/3
Sfxn2	Sideroflexin 2
sgg	shaggy
sgll	sugarlethal
sgl	sugarless
Sgp	Sgroppino
Sgs1	Salivary gland secretion 1
Sgs3	Salivary gland secretion 3
Sgs4	Salivary gland secretion 4
Sgs5	Salivary gland secretion 5
Sgs7	Salivary gland secretion 7
Sgs8	Salivary gland secretion 8
Sgt1	suppressor-of-G2-allele-of-skp1
Sh3beta	Sh3beta
Shab	Shaker cognate b
shakB	shaking B
Shal	Shaker cognate l
shams	shams
sha	shavenoid
Shawl	Shaw-like
Shawn	Shawn
Shawn	Tyler
Shaw	Shaker cognate w
shd	shade
shep	alan shepard
shf	shifted
shg	shotgun
shi	shibire
shn	schnurri
shop	shopper
shot	short stop
shps	sheepish
shrb	shrub
Shrm	Shroom
Sh	Shaker
shtd	shattered
shu	shutdown
shv	shriveled
sicily	severe impairment of CI with lengthened youth
sick	sickie
side-III	sidestep III
side-II	sidestep II
side-IV	sidestep IV
side	sidestep
side-VIII	sidestep VIII
side-VII	sidestep VII
side-VI	sidestep VI
side-V	sidestep V
SIDL	Shal Interactor of Di-Leucine Motif
Sidpn	similar to Deadpan
SIFa	SIFamide
sif	still life
sigmar	salivary glands marred
sima	similar
simj	simjang
sim	single-minded
Sin3A	Sin3A
sinah	sina homologue
sina	seven in absentia
sing	singles bar
sinu	sinuous
Sirt1	Sirtuin 1
Sirt2	Sirtuin 2
Sirt4	Sirtuin 4
Sirt6	Sirtuin 6
Sirt7	Sirtuin 7
sisA	sisterless A
sit	stuck in traffic
Six4	Six4
siz	schizo
Skadu	Skadu
skd	skuld
Skel	Skeletor
Ski6	Ski6
skl	sickle
SkpA	SKP1-related A
SkpB	SKP1-related B
SkpC	SKP1-related C
SkpD	SKP1-related D
SkpE	SKP1-related E
SkpF	SKP1-related F
SK	small conductance calcium-activated potassium channel
sktl	skittles
sky	skywalker
slam	slow as molasses
slbo	slow border cells
SLC22A	SLC22A family member
Slc25A46a	Solute carrier family 25 member 46a
Slc25A46b	Solute carrier family 25 member 46b
Slc45-1	Solute carrier family 45 member 1
SLC5A11	Sodium/solute co-transporter-like 5A11
Sld5	Sld5
sle	slender lobes
slf	schlaff
slgA	sluggish A
Slh	SLY-1 homologous
slif	slimfast
slim	scruin like at the midline
SLIRP1	anorexia
sli	slit
sll	slalom
slmb	supernumerary limbs
slmo	slowmo
Sln	Silnoon
SLO2	slowpoke 2
slo	slowpoke
sloth1	sloth 1
sloth1	sloth 2
sloth2	sloth 1
sloth2	sloth 2
slou	slouch
slow	slowdown
slp1	sloppy paired 1
slp2	sloppy paired 2
slpr	slipper
sl	small wing
sls	sallimus
Slu7	Slu7
slv	saliva
smal	smoke alarm
smash	smallish
SMC1	Structural maintenance of chromosomes 1
SMC2	Structural maintenance of chromosomes 2
SMC3	Structural maintenance of chromosomes 3
SMC5	Structural maintenance of chromosomes 5
SMC6	Structural maintenance of chromosomes 6
Smg6	Smg6
smg	smaug
smid	smallminded
Smn	survival motor neuron
smog	smog
smo	smoothened
Smox	Smad on X
Smr	Smrter
sm	smooth
Smvt	Sodium-dependent multivitamin transporter
snama	something that sticks like glue
sna	snail
SNCF	SoxNeuro Co-Factor
snf	sans fille
sni	sniffer
snk	snake
snky	sneaky
Snm1	Snm1
Snoo	Sno oncogene
sno	strawberry notch
sNPF	short neuropeptide F precursor
Snp	Snipper
Snr1	Snf5-related 1
sn	singed
snsl	snustorr snarlik
sns	sticks and stones
Snup	Snurportin
snu	snustorr
Snx16	Sorting nexin 16
Snx17	Sorting nexin 17
Snx1	Sorting nexin 1
Snx21	Sorting nexin 21
Snx27	Sorting nexin 27
Snx3	Sorting nexin 3
Snx6	Sorting nexin 6
snz	snazarus
sob	sister of odd and bowl
Socs16D	Suppressor of Cytokine Signaling at 16D
Socs36E	Suppressor of cytokine signaling at 36E
Socs44A	Suppressor of Cytokine Signaling at 44A
Sodq	Sodesque
sofe	sister of feo
sog	short gastrulation
Sol1	Sol1
solo	sisters on the loose
sol	small optic lobes
sona	sol narae
sosie	sosie
so	sine oculis
Sos	Son of sevenless
soti	scotti
sotv	sister of tout-velu
Sou	Souji
sov	small ovary
sowah	sosondowah
sowi	solwind
Sox100B	Sox100B
Sox102F	Sox102F
Sox21a	Sox21a
Sox21b	Sox21b
SoxN	SoxNeuro
SoYb	Sister of Yb
SP1029	SP1029
SP1173	SP1173
Sp1	Sp1
SP2353	SP2353
sp3	spermathreecae
SP555	SP555
spab	space blanket
spag4	sperm-associated antigen 4
spag	spaghetti
spartin	spartin
spas	spastin
spaw	hug-bell
spaw	spacewatch
Spc105R	Spc105-related
Spc25	Spc25
spd-2	spindle defective 2
spdi	split discs
spdo	sanpodo
Spec2	Spec2
speck	speck
spel1	spellchecker1
spen	split ends
SPE	Spatzle-Processing Enzyme
Spf45	Spf45
Spg7	Paraplegin
spg	sponge
sphe	spheroide
sphinx1	sphinx1
sphinx2	sphinx2
spict	spichthyin
spidey	spidey
Spindly	Spindly
spin	spinster
spir	spire
spi	spitz
Spn100A	Serpin 100A
Spn27A	Serpin 27A
Spn28B	Serpin 28B
Spn28Da	Serpin 28Da
Spn28Db	Serpin 28Db
Spn28Dc	Serpin 28Dc
Spn28F	Serpin 28F
Spn31A	Serpin 31A
Spn38F	Serpin 38F
Spn42Da	Serpin 42Da
Spn42Db	Serpin 42Db
Spn42Dc	Serpin 42Dc
Spn42Dd	Serpin 42Dd
Spn42De	Serpin 42De
Spn43Aa	Serpin 43Aa
Spn43Ab	Serpin 43Ab
Spn43Ad	Serpin 43Ad
Spn47C	Serpin 47C
Spn53F	Serpin 53F
Spn55B	Serpin 55B
Spn75F	Serpin 75F
Spn77Ba	Serpin 77Ba
Spn77Bb	Serpin 77Bb
Spn77Bc	Serpin 77Bc
Spn85F	Serpin 85F
Spn88Ea	Serpin 88Ea
Spn88Eb	Serpin 88Eb
spn-A	spindle A
spn-B	spindle B
spn-D	spindle D
spn-E	spindle E
spn-F	spn-F
Spn	Spinophilin
spok	spookier
spoon	spoonbill
spo	spook
spri	sprint
Sprn	Spermitin
sprt	sprite
SP	Sex Peptide
Spt20	Spt20
Spt3	Spt3
spt4	spt4
Spt5	Spt5
Spt6	Spt6
Spt7	Spt7
Spt	Spitting Image
Sptz	Spastizin
spz3	spatzle 3
spz4	spatzle 4
spz5	spatzle 5
spz6	spatzle 6
spz	spatzle
sqa	spaghetti-squash activator
sqd	squid
sqh	spaghetti squash
squ	squash
sqz	squeeze
sra	sarah
Sras	severas
Src42A	Src oncogene at 42A
Src64B	Src oncogene at 64B
Srg1	Sting-regulated gene 1
Srg2	Sting-regulated gene 2
Srg3	Sting-regulated gene 3
srl	spargel
sro	shroud
Srp14	Signal recognition particle 14
Srp19	Signal recognition particle 19
Srp54k	Signal recognition particle 54k
Srp68	Signal recognition particle 68
Srp72	Signal recognition particle 72
Srp9	Signal recognition particle 9
srp	serpent
Srrm1	Serine-arginine repetitive matrix 1
Srrm234	Serine-arginine repetitive matrix 2/3/4
sr	stripe
srw	shrew
Srx	Sulfiredoxin
Sry-alpha	Serendipity alpha
Sry-alpha	Serendipity beta
Sry-beta	Serendipity alpha
Sry-beta	Serendipity beta
Sry-delta	Serendipity delta
ssh	slingshot
Ssk	Snakeskin
Ssl	Suppressor of Stellate-like
ssp2	short spindle 2
ssp3	short spindle 3
ssp5	short spindle 5
ssp6	short spindle 6
ssp7	short spindle 7
ssp	sunspot
ss	spineless
S	Star
sstn	stepping stone
ssx	sister-of-Sex-lethal
Stacl	Stac-like
stac	staccato
stai	stathmin
Stam	Signal transducing adaptor molecule
stan	starry night
Start1	Start1
stas	Stasimon
sta	stubarista
stau	staufen
stck	steamer duck
stc	shuttle craft
Ste12DOR	Stellate 12D orphon
step	steppke
stet	stem cell tumor
SteXh:CG42398	SteXh:CG42398
stg	string
stil	stand still
Stim	Stromal interaction molecule
Sting	Sting
sti	sticky
stj	straightjacket
stl	stall
stmA	stambha A
stnA	stoned A
stnA	stoned B
stnB	stoned A
stnB	stoned B
stol	stolid
Stoml2	Stomatin like 2
stops	slow termination of phototransduction
strat	stratum
Strn-Mlck	Stretchin-Mlck
Strump	Strumpellin
st	scarlet
stumps	stumps
stum	stumble
sturkopf	sturkopf
stv	starvin
stwl	stonewall
stw	straw
stx	stuxnet
sty	sprouty
subdued	subdued
sub	subito
sud1	sudestada1
Su(dx)	Suppressor of deltex
su(f)	suppressor of forked
Su(fu)	Suppressor of fused
Sugb	Sugar baby
sug	sugarbabe
Su(H)	Suppressor of Hairless
su(Hw)	suppressor of Hairy wing
Sulf1	Sulfated
Sumo	Small ubiquitin like modifier
sunn	sisters unbound
sun	stunted
sunz	sungrazer
superdeath	Suppressor of ER stress-induced death
Su(P)	Suppressor of ref(2)P sterility
Sur-8	Sur-8
Surf1	Surfeit 1
Surf4	Surfeit 4
Surf6	Surfeit 6
su(r)	suppressor of rudimentary
su(sable)	suppressor of sable
sut1	sugar transporter 1
sut2	sugar transporter 2
sut3	sugar transporter 3
sut4	sugar transporter 4
Su(Tpl)	Suppressor of Triplolethal
SuUR	Suppressor of Under-Replication
Su(var)205	Suppressor of variegation 205
Su(var)2-10	Suppressor of variegation 2-10
Su(var)2-HP2	Su(var)2-HP2
Su(var)3-3	Suppressor of variegation 3-3
Su(var)3-7	Suppressor of variegation 3-7
Su(var)3-9	Suppressor of variegation 3-9
su(w[a])	suppressor of white-apricot
Su(z)12	Su(z)12
Su(z)2	Suppressor of zeste 2
Svil	Supervillin
svp	seven up
svr	silver
sv	shaven
swaPsi	swallow pseudogene
swa	swallow
swi2	swi2
swif	comas sola
swif	swift-tuttle
Swim	Secreted Wg-interacting molecule
Swip-1	Swiprosin-1
swm	second mitotic wave missing
Sws1	Radiation insensitive 1
sw	short wing
sws	swiss cheese
sxc	super sex combs
sxe2	sex-specific enzyme 2
Sxl	Sex lethal
Syb	Synaptobrevin
syd	sunday driver
Sym	Symplekin
Syn1	Syntrophin-like 1
Syn2	Syntrophin-like 2
Synd	Syndapin
Syngr	Synaptogyrin
Synj	Synaptojanin
synr	sayonara
Syn	Synapsin
Syp	Syncrip
Syt12	Synaptotagmin 12
Syt14	Synaptotagmin 14
Syt1	Synaptotagmin 1
Syt4	Synaptotagmin 4
Syt7	Synaptotagmin 7
Sytalpha	Synaptotagmin alpha
Sytbeta	Synaptotagmin beta
Syx13	Syntaxin 13
Syx16	Syntaxin 16
Syx17	Syntaxin 17
Syx18	Syntaxin 18
Syx1A	Syntaxin 1A
Syx4	Syntaxin 4
Syx5	Syntaxin 5
Syx6	Syntaxin 6
Syx7	Syntaxin 7
Syx8	Syntaxin 8
T48	Transcript 48
Tace	Tace
tadr	torn and diminished rhabdomeres
Tailor	Tailor
tai	taiman
Takl1	Tak1-like 1
Takl2	Tak1-like 2
tal-1A	tarsal-less 1A
tal-1A	tarsal-less 2A
tal-1A	tarsal-less 3A
tal-1A	tarsal-less AA
tal-2A	tarsal-less 1A
tal-2A	tarsal-less 2A
tal-2A	tarsal-less 3A
tal-2A	tarsal-less AA
tal-3A	tarsal-less 1A
tal-3A	tarsal-less 2A
tal-3A	tarsal-less 3A
tal-3A	tarsal-less AA
tal-AA	tarsal-less 1A
tal-AA	tarsal-less 2A
tal-AA	tarsal-less 3A
tal-AA	tarsal-less AA
tamo	tamo
Tango10	Transport and Golgi organization 10
Tango11	Transport and Golgi organization 11
Tango14	Transport and Golgi organization 14
Tango1	Transport and Golgi organization 1
Tango2	Transport and Golgi organization 2
Tango4	Transport and Golgi organization 4
Tango5	Transport and Golgi organization 5
Tango6	Transport and Golgi organization 6
Tango8	Transport and Golgi organization 8
Tango9	Transport and Golgi organization 9
tank	tank
tant	tantalus
Tao	Tao
tapas	tapas
tap	target of Poxn
tara	taranis
Targ	Tarag
Task6	TWIK-related acid-sensitive K[+] channel 6
Task7	TWIK-related acid-sensitive K[+] channel 7
tau	tau
tay	tay bridge
Taz	Tafazzin
TbCMF46	TbCMF46
tbc	trabuco
Tb	Tubby
Tcs1	Threonyl-carbamoyl synthesis 1
Tcs3	Threonyl-carbamoyl synthesis 3
Tcs4	Threonyl-carbamoyl synthesis 4
Tcs5	Threonyl-carbamoyl synthesis 5
Tcs6	Phosphatidylinositol glycan anchor biosynthesis class P
Tcs6	Threonyl-carbamoyl synthesis 6
tctn	B9d2
tctn	tectonic
t-cup	tetleys-cup
tea	telomere ends associated
tef	teflon
tefu	telomere fusion
Teh1	tipE homolog 1
Teh2	tipE homolog 2
Teh3	tipE homolog 3
Teh4	tipE homolog 4
Tehao	Tehao
tei	teiresias
tej	tejas
Tektin-A	Tektin A
Tektin-C	Tektin C
temp	tempura
Ten-a	Tenascin accessory
Tengl1	Testis EndoG-Like 1
Tengl2	Testis EndoG-Like 2
Tengl3	Testis EndoG-Like 3
Tengl4	Testis EndoG-Like 4
Ten-m	Tenascin major
teq	Tequila
TER94	Transitional endoplasmic reticulum 94
term	terminus
Tes	Testin
tex	tex
tey	teyrha-meyrha
tfc	triforce
TfIIA-S-2	TfIIA-S-2
tgo	tango
Tgs1	modigliani
tgy	twiggy
TH1	TH1
THADA	THADA
Theg	Testicular haploid expressed gene
thetaTry	thetaTrypsin
#this list slightly enriched for "weird names" by filtering out some not as interesting names using grep
tho2	tho2
thoc5	thoc5
thoc6	thoc6
thoc7	thoc7
Thor	Thor
thr	three rows
ths	thisbe
thw	thawb
Tif-IA	Tif-IA
Tig	Tiggrin
tilB	touch insensitive larva B
Tim13	Tim13
Tim17a1	Tim17a1
Tim17a2	Tim17a2
Tim17b1	Tim17b1
Tim8	Tim8
Tim9a	Tim9a
timeout	timeout
tim	timeless
Tina-1	Troponin C-akin-1
tinc	tincar
tin	tinman
tio	tiptop
tipE	temperature-induced paralytic E
tj	traffic jam
tko	technical knockout
Tk	Tachykinin
tkv	thickveins
tld	tolloid
tll	tailless
Tl	Toll
Tm1	Tropomyosin 1
Tm2	Tropomyosin 2
TM4SF	Transmembrane 4 superfamily
Tmc	Transmembrane channel-like
tmod	tropomodulin
tna	tonalli
tnc	tenectin
Tnpo-SR	Transportin-Serine/Arginine rich
Tnpo	Transportin
tn	thin
tobi	target of brain insulin
Tob	Transducer of ERBB2
toc	toucan
toe	twin of eyg
tok	tolkin
Toll-4	Toll-4
Toll-6	Toll-6
Toll-7	Toll-7
Toll-9	Toll-9
Tollo	Tollo
tomboy20	tomboy20
tomboy40	tomboy40
tomb	tombola
Tomosyn	Tomosyn
Tom	Twin of m4
topi	matotopetli
Torsin	Torsin
tor	torso
tos	tosca
to	takeout
TotA	Turandot A
TotB	Turandot B
TotC	Turandot C
TotE	Turandot E
TotF	Turandot F
TotM	Turandot M
TotX	Turandot X
TotZ	Turandot Z
tous	testes of unusual size
tou	toutatis
tow	target of wingless
toy	twin of eyeless
TpnC25D	Troponin C at 25D
TpnC41C	Troponin C at 41C
TpnC47D	Troponin C at 47D
TpnC4	Troponin C isoform 4
TpnC73F	Troponin C at 73F
tpr	tracheal-prostasin
tra2	transformer 2
tral	trailer hitch
TRAM	TRAM
Trap1	Trap1
tra	transformer
trbd	trabid
trbl	tribbles
trc	tricornered
Tre1	Trapped in endoderm 1
trem	trade embargo
Tret1-1	Trehalose transporter 1-1
Tret1-2	Trehalose transporter 1-2
trh	trachealess
Trim9	Tripartite motif containing 9
trio	trio
Trissin	Trissin
trk	trunk
Trl	Trithorax-like
trn	tartan
trol	terribly reduced optic lobes
trr	trithorax-related
Trs20	TRAPP subunit 20
Trs23	TRAPP subunit 23
Trs31	TRAPP subunit 31
Trs33	TRAPP subunit 33
trsn	translin
trus	toys are us
trv	trivet
Trx2	Thioredoxin 2
trx	trithorax
TrxT	Thioredoxin T
Try29F	Trypsin 29F
Tsc1	Tsc1
Tsf1	Transferrin 1
Tsf2	Transferrin 2
Tsf3	Transferrin 3
TSG101	Tumor susceptibility gene 101
tsg	twisted gastrulation
tsh	teashirt
tsl	torso-like
Tsp26A	Tetraspanin 26A
Tsp29Fa	Tetraspanin 29Fa
Tsp29Fb	Tetraspanin 29Fb
Tsp2A	Tetraspanin 2A
Tsp33B	Tetraspanin 33B
Tsp39D	Tetraspanin 39D
Tsp3A	Tetraspanin 3A
Tsp42A	Tetraspanin 42A
Tsp42Ea	Tetraspanin 42Ea
Tsp42Eb	Tetraspanin 42Eb
Tsp42Ec	Tetraspanin 42Ec
Tsp42Ed	Tetraspanin 42Ed
Tsp42Ee	Tetraspanin 42Ee
Tsp42Ef	Tetraspanin 42Ef
Tsp42Eg	Tetraspanin 42Eg
Tsp42Eh	Tetraspanin 42Eh
Tsp42Ei	Tetraspanin 42Ei
Tsp42Ej	Tetraspanin 42Ej
Tsp42Ek	Tetraspanin 42Ek
Tsp42El	Tetraspanin 42El
Tsp42En	Tetraspanin 42En
Tsp42Eo	Tetraspanin 42Eo
Tsp42Ep	Tetraspanin 42Ep
Tsp42Eq	Tetraspanin 42Eq
Tsp42Er	Tetraspanin 42Er
Tsp47F	Tetraspanin 47F
Tsp5D	Tetraspanin 5D
Tsp66A	Tetraspanin 66A
Tsp66E	Tetraspanin 66E
Tsp68C	Tetraspanin 68C
Tsp74F	Tetraspanin 74F
Tsp86D	Tetraspanin 86D
Tsp96F	Tetraspanin 96F
Tsp97E	Tetraspanin 97E
Tsp	Thrombospondin
tsr	twinstar
tst	twister
tsu	tsunagi
t	tan
Ttd14	TRPL translocation defect 14
tth	toothrin
ttk	tramtrack
ttm2	tiny tim 2
ttm3	tiny tim 3
ttm50	tiny tim 50
ttv	tout-velu
tty	tweety
tub	tube
tud	tudor
tum	tumbleweed
tun	tungus
tup	tailup
Tusp	Tusp
tutl	turtle
tut	tumorous testis
Twdlalpha	Tweedlealpha
Twdlbeta	Tweedlebeta
TwdlB	TweedleB
TwdlC	TweedleC
TwdlD	TweedleD
TwdlE	TweedleE
TwdlF	TweedleF
TwdlG	TweedleG
TwdlH	TweedleH
TwdlJ	TweedleJ
TwdlK	TweedleK
TwdlL	TweedleL
TwdlM	TweedleM
TwdlN	TweedleN
TwdlO	TweedleO
TwdlP	TweedleP
TwdlQ	TweedleQ
TwdlR	TweedleR
TwdlS	TweedleS
TwdlT	TweedleT
TwdlU	TweedleU
TwdlV	TweedleV
TwdlW	TweedleW
TwdlX	TweedleX
TwdlY	TweedleY
TwdlZ	TweedleZ
tweek	tweek
twe	twine
twf	twinfilin
twin	twin
twit	target of wit
twi	twist
twr	twisted bristles roughened eye
tws	twins
tw	twisted
twy	twitchy
twz	tiwaz
Txl	Thioredoxin-like
tx	taxi
tyf	twenty-four
Tyler	Shawn
Tyler	Tyler
tyn	trynity
tzn	tenzing norgay
U2A	U2A
Uba1	Ubiquitin activating enzyme 1
Uba2	Ubiquitin-like activating enzyme 2
Uba3	Ubiquitin-like activating enzyme 3
Uba4	Ubiquitin-like activating enzyme 4
Uba5	Ubiquitin-like activating enzyme 5
Ubc10	Ubiquitin conjugating enzyme 10
Ubc2	Ubiquitin conjugating enzyme 2
Ubc4	Ubiquitin conjugating enzyme 4
Ubc6	Ubiquitin conjugating enzyme 6
Ubc7	Ubiquitin conjugating enzyme 7
Ubc84D	Ubiquitin conjugating enzyme 84D
Ubc87F	Ubiquitin conjugating enzyme 87F
UbcE2H	Ubiquitin conjugating enzyme E2H
UbcE2M	NEDD8-conjugating enzyme UbcE2M
Ubi-p5E	Ubiquitin-5E
Ubi-p63E	Ubiquitin-63E
UBL3	Ubiquitin like 3
ubl	ubiquitin like
Ubqn	Ubiquilin
Ubx	Ultrabithorax
Uch-L5R	Uch-L5-related
udd	under-developed
udt	undicht
Uev1A	Ubiquitin-conjugating enzyme variant 1A
uex	unextended
Ufc1	Ubiquitin-fold modifier conjugating enzyme 1
Ufd1	Ubiquitin fusion-degradation 1-like
Ufd4	Ubiquitin fusion-degradation 4-like
Ufm1	Ubiquitin-fold modifier 1
Ugalt	UDP-galactose transporter
uif	uninflatable
UK114	UK114
Ulp1	Ulp1
unc-104	uncoordinated-104
Unc-115a	Uncoordinated 115a
Unc-115b	Uncoordinated 115b
unc-119	unc-119
unc-13-4A	unc-13-4A
unc-13	unc-13
unc-45	uncoordinated 45
unc-4	unc-4
unc-5	unc-5
Unc-76	Uncoordinated 76
unc79	uncoordinated 79
unc80	uncoordinated 80
unc	uncoordinated
und	uninitiated
unk	unkempt
uno	univalents only
unpg	unplugged
Unr	Upstream of N-ras
upd1	unpaired 1
upd2	unpaired 2
upd3	unpaired 3
Upf2	Upf2
Upf3	Upf3
upSET	upSET
up	upheld
uri	unconventional prefoldin RPB5 interactor
Urm1	Ubiquitin-related modifier 1
Use1	Unconventional SNARE in the ER 1
Usf	Usf
ush	u-shaped
usp	ultraspiracle
Uvrag	UV-resistance associated gene
Uxt	Uxt prefoldin-like subunit
uzip	unzipped
VAChT	Vesicular acetylcholine transporter
Vago	Vago
Vang	Van Gogh
vanin-like	vanin-like
vap	vacuolar peduncle
vari	varicose
vas	vasa
veil	veil
veli	veli
velo	veloren
Veneno	Veneno
verm	vermiform
vers	versatile
ver	verrocchio
vex	vexed
VGAT	Vesicular GABA Transporter
VGlut	Vesicular glutamate transporter
vg	vestigial
Vhl	von Hippel-Lindau
vib	vibrator
vig2	vig2
vig	vasa intronic gene
vih	vihar
vilya	vilya
vimar	visceral mesodermal armadillo-repeats
Vinc	Vinculin
vir	virilizer
vis	vismay
vito	viriato
vkg	viking
vlc	vulcan
Vlet	Valette
vls	valois
Vm26Aa	Vitelline membrane 26Aa
Vm26Ab	Vitelline membrane 26Ab
Vm26Ac	Vitelline membrane 26Aac
Vm32E	Vitelline membrane 32E
Vm34Ca	Vitelline membrane 34Ca
Vmat	Vesicular monoamine transporter
Vml	Vitelline membrane-like
vnc	variable nurse cells
vnd	ventral nervous system defective
vn	vein
vret	vreteno
vri	vrille
Vrp1	Verprolin 1
vrs	versager
vsg	visgun
Vsx1	Visual system homeobox 1
Vsx2	Visual system homeobox 2
Vta1	Vesicle trafficking 1
vtd	verthandi
Vti1a	Vesicle transport through interaction with t-SNAREs 1a
Vti1b	Vesicle transport through interaction with t-SNAREs 1b
v	vermilion
vvl	ventral veins lacking
wa-cup	walker cup
wac	wee Augmin
wake	wide awake
wal	walrus
wam	wampa
wapl	wings apart-like
wap	wings apart
wash	washout
WASp	WASp
wat	waterproof
waw	bobby sox
waw	waclaw
wbl	windbeutel
wb	wing blister
wcd	wicked
w-cup	world cup
wcy	wacky
wdb	widerborst
wde	windei
wdn	wings down
wdp	windpipe
wds	will die slowly
WDY	WD40 Y
wech	wech
wek	weckle
wfs1	wolfram syndrome 1
wge	winged eye
wgn	wengen
wg	wingless
Whamy	WHAMM and JMY related
whd	withered
whe	what else
whip	whipple
wisp	wispy
witty	without maturity
wit	wishful thinking
wkd	whacked
wls	wntless
wmd	wing morphogenesis defect
wnd	wallenda
Wnt10	Wnt oncogene analog 10
Wnt2	Wnt oncogene analog 2
Wnt4	Wnt oncogene analog 4
Wnt5	Wnt oncogene analog 5
Wnt6	Wnt oncogene analog 6
wntD	wnt inhibitor of Dorsal
woc	without children
wol	wollknaeuel
wor	worniu
wrapper	wrapper
wrd	well-rounded
wrm1	wurmchen 1
wrm1	wurmchen 2
wrm2	wurmchen 1
wrm2	wurmchen 2
wry	weary
Wsck	Wsck
wtrw	water witch
wts	warts
wuc	Wake-up-call
wuho	wuho
wun2	wunen-2
wun	wunen
wupA	wings up A
wus	wurst
w	white
wwk	white walker
X11Lbeta	X11Lbeta
X11L	X11L
Xe7	Xe7
xit	xiantuan
xmas	xmas
XNP	XNP
Xpac	Xeroderma pigmentosum group A-like
Xpc	Xeroderma pigmentosum%2C complementation group C
Xpd	Xeroderma pigmentosum D
XRCC1	XRCC1
Xrcc2	X-ray repair cross complementing 2
Xrp1	Xrp1
yata	yata
yellow-b	yellow-b
yellow-c	yellow-c
yellow-d2	yellow-d2
yellow-d	yellow-d
yellow-e2	yellow-e2
yellow-e3	yellow-e3
yellow-e	yellow-e
yellow-f2	yellow-f2
yellow-f	yellow-f
yellow-g2	yellow-g2
yellow-g	yellow-g
yellow-h	yellow-h
yellow-k	yellow-k
yem	yemanuclein
Yeti	Yeti
yin	yin
yki	yorkie
Ykt6	YKT6 v-SNARE
YL-1	YL-1
yl	yolkless
ymp	yellow-emperor
Ypel	Yippee-like
Ype	Yippee
yps	ypsilon schachtel
yrt	yurt
ytr	yantar
yuri	yuri gagarin
y	yellow
Z600	Z600
Zaf1	ZAD and Architectural Function 1
ZAP3	ZAP3
ZC3H3	ZC3H3
zda	zonda
zen2	zerknullt-related
zen	zerknullt
zetaTry	zetaTrypsin
zip	zipper
Zir	Zizimin-related
Ziz	Zizimin
zld	zelda
zormin	zormin
zpg	zero population growth
Zpr1	Zpr1
zuc	zucchini
Zw10	Zeste-white 10
Zwilch	Zwilch
Zw	Zwischenferment
zyd	zydeco
zye	zye
Zyx	Zyxin
z	zeste
